CVE_GEO,POBTOT,POBFEM,POBMAS,REL_H_M,POB0_14,POB15_64,POB65_MAS,PROM_HNV,PNACENT,PNACENT_F,PNACENT_M,PNACOE,PNACOE_F,PNACOE_M,PRES2015,PRES2015_F,PRES2015_M,PRESOE15,PRESOE15_F,PRESOE15_M,POB_AFRO,POB_AFRO_F,POB_AFRO_M,GRAPROES,GRAPROES_F,GRAPROES_M,PEA,PEA_F,PEA_M,PE_INAC,POCUPADA,PDESOCUP,PCATOLICA,VIVTOT,TVIVPARHAB,VPH_C_ELEC,VPH_S_ELEC,VPH_AGUADV,VPH_DRENAJ,VPH_NODREN,VPH_C_SERV,VPH_AUTOM,VPH_MOTO,VPH_BICI,VPH_PC,VPH_INTER
0901300011116055,43,18,25,139,6,29,8,2,41,17,24,,*,*,41,17,24,0,0,0,*,0,*,11,10,11,30,12,18,9,30,0,40,12,12,12,0,12,12,0,12,4,4,9,6,10
0901300011116054,64,34,30,88,11,43,10,2,60,32,28,4,*,*,59,33,26,0,0,0,12,7,5,12,11,13,30,16,14,25,30,0,62,11,11,11,0,11,11,0,11,6,0,4,6,11
0901300011120050,16,11,5,45,4,11,,1,16,11,5,0,0,0,15,11,4,0,0,0,0,0,0,9,9,8,8,7,,6,8,0,16,6,6,6,0,6,6,0,6,,0,*,,
0901300011120049,44,23,21,91,14,28,,2,42,22,20,,*,*,40,21,19,0,0,0,0,0,0,9,9,8,26,11,15,11,25,*,27,7,7,7,0,7,7,0,7,0,,5,,3
090130001114A052,12,6,6,100,3,8,,3,9,4,5,3,*,*,10,4,6,0,0,0,0,0,0,7,7,7,6,,4,4,6,0,10,3,3,3,0,3,3,0,3,0,0,*,,
0901300011120035,109,50,59,118,13,85,11,2,101,45,56,8,5,3,96,42,54,7,4,3,0,0,0,12,11,12,71,28,43,29,70,*,80,25,25,25,0,25,25,0,25,7,4,15,18,18
0901300010245019,4,,,,,,,,,,,,*,*,,,,*,*,*,*,*,*,,,,,,,,,*,,3,,,*,,,,,,,*,,
0901300011120051,56,28,28,100,8,43,5,2,54,27,27,,*,*,51,27,24,0,0,0,0,0,0,12,12,12,31,16,15,17,30,*,41,14,13,13,0,13,13,0,13,3,0,7,7,9
0901300011120042,19,12,7,58,4,15,0,1,17,10,7,,*,0,17,11,6,0,0,0,0,0,0,13,14,11,11,9,,4,10,*,19,4,4,4,0,4,4,0,4,,,4,3,4
0901300011116056,29,17,12,71,5,16,8,2,28,16,12,,*,0,25,13,12,0,0,0,0,0,0,9,11,8,10,3,7,14,10,0,28,7,5,5,0,5,5,0,5,,,3,,3
0901300011120040,86,43,43,100,11,66,9,1,79,39,40,7,4,3,83,41,42,0,0,0,*,0,*,12,13,12,54,22,32,24,53,*,81,22,20,20,0,20,20,0,20,10,,9,11,17
0901300010245020,48,22,26,118,12,33,3,2,47,21,26,,*,0,47,22,25,0,0,0,0,0,0,12,12,12,28,16,12,9,28,0,40,11,10,10,0,10,10,0,10,4,0,5,8,9
0901300011120030,9,4,5,125,0,9,0,1,8,3,5,,*,0,9,4,5,0,0,0,*,*,0,14,14,13,7,3,4,,7,0,9,3,3,3,0,3,3,0,3,,0,*,,3
090130001114A086,38,23,15,65,8,25,5,2,31,19,12,7,4,3,33,20,13,*,*,*,21,12,9,12,12,13,24,12,12,8,24,0,23,10,9,9,0,9,9,0,9,3,,6,5,7
0901300011120054,13,5,8,160,,8,4,3,12,5,7,,0,*,13,5,8,0,0,0,0,0,0,14,15,13,3,,,9,,*,13,4,4,4,0,4,4,0,4,4,0,*,3,4
0901300011120055,38,19,19,100,8,24,6,1,38,19,19,0,0,0,38,19,19,0,0,0,0,0,0,12,12,12,22,10,12,12,22,0,27,13,9,9,0,9,9,0,9,5,,4,5,8
0901300011120052,47,22,25,114,10,28,9,1,47,22,25,0,0,0,45,20,25,0,0,0,0,0,0,12,12,11,29,10,19,12,29,0,30,15,14,14,0,14,14,0,14,6,3,10,11,8
0901300011120026,78,42,36,86,23,51,4,2,76,40,36,,*,0,72,37,35,0,0,0,0,0,0,10,10,11,39,20,19,21,38,*,64,18,18,18,0,18,18,0,18,4,,13,7,13
0901300011120044,16,8,8,100,3,13,0,2,15,8,7,,0,*,16,8,8,0,0,0,0,0,0,10,10,10,11,5,6,3,11,0,16,3,3,3,0,3,3,0,3,0,,3,,
0901300011120053,10,,,,,,,,,,,,*,*,,,,*,*,*,*,*,*,,,,,,,,,*,,2,,,*,,,,,,,*,,
090130001114A051,147,74,73,99,41,98,8,2,126,60,66,21,14,7,135,71,64,0,0,0,5,*,4,9,8,10,91,44,47,25,91,0,111,40,37,37,0,37,37,0,37,7,0,27,14,26
0901300011135044,110,52,58,112,24,81,5,2,96,42,54,13,9,4,102,48,54,*,*,0,110,52,58,12,12,12,71,32,39,19,71,0,105,30,30,30,0,30,30,0,30,10,,19,18,21
0901300011135014,181,88,93,106,45,131,5,2,156,75,81,25,13,12,171,83,88,0,0,0,179,87,92,9,9,9,104,40,64,43,104,0,159,48,48,48,0,48,48,0,48,7,7,33,19,28
0901300011135010,53,21,32,152,10,35,8,2,50,18,32,,*,0,50,20,30,0,0,0,53,21,32,12,12,12,23,6,17,22,23,0,38,18,15,15,0,15,15,0,15,9,,5,9,10
0901300011135006,89,39,50,128,17,66,6,2,75,33,42,14,6,8,85,38,47,0,0,0,0,0,0,10,10,10,45,12,33,30,44,*,65,25,23,23,0,23,23,0,23,6,,7,3,9
090130001114A059,23,11,12,109,,17,5,2,21,10,11,,*,0,23,11,12,0,0,0,*,0,*,14,13,14,13,5,8,10,13,0,18,7,7,7,0,7,7,0,7,,0,3,5,6
090130001114A083,76,42,34,81,16,56,4,2,62,35,27,14,7,7,73,40,33,0,0,0,0,0,0,9,9,9,46,22,24,18,46,0,51,25,23,22,*,13,23,0,13,,,12,5,13
090130001114A085,7,,,,,,,,,,,,*,*,,,,*,*,*,*,*,*,,,,,,,,,*,,2,,,*,,,,,,,*,,
0901300011101059,64,33,31,94,15,43,6,2,55,28,27,9,5,4,61,31,30,0,0,0,0,0,0,9,9,9,40,15,25,14,40,0,63,19,17,17,0,17,17,0,17,,,11,5,13
0901300010705008,,,,0,0,0,0,0,0,0,0,0,0,0,0,0,0,0,0,0,0,0,0,0,0,0,0,0,0,0,0,0,0,0,0,0,0,0,0,0,0,0,0,0,0,0
0901300010705007,35,16,19,119,15,18,,2,25,12,13,10,4,6,31,14,17,0,0,0,0,0,0,6,7,6,17,5,12,7,17,0,27,10,10,10,0,,10,0,,0,0,10,0,4
0901300011135043,36,19,17,89,8,26,,2,30,17,13,6,*,4,35,18,17,0,0,0,36,19,17,11,11,12,20,10,10,12,20,0,26,11,10,10,0,10,10,0,10,5,,9,7,8
090130001114A072,27,12,15,125,4,22,,2,23,9,14,4,3,*,26,12,14,0,0,0,0,0,0,0,9,11,16,6,10,9,16,0,19,7,7,7,0,7,7,0,7,0,0,*,,
090130001114A071,56,33,23,70,17,33,6,2,54,31,23,,*,0,52,31,21,0,0,0,0,0,,9,9,9,30,12,18,12,30,0,43,12,11,11,0,11,11,0,11,3,4,10,5,8
090130001114A070,73,38,35,92,13,52,8,1,56,32,24,17,6,11,71,38,33,0,0,0,0,0,0,10,9,10,38,16,22,25,38,0,59,22,20,20,0,20,20,0,20,5,3,9,7,8
090130001114A068,131,77,54,70,33,90,8,2,114,67,47,16,10,6,121,71,50,0,0,0,0,0,0,9,9,9,75,32,43,29,75,0,131,33,29,29,0,20,29,0,20,5,3,10,9,13
090130001114A067,50,24,26,108,8,37,5,2,40,20,20,10,4,6,49,24,25,*,0,*,*,0,*,10,9,10,28,11,17,16,28,0,44,17,17,17,0,17,17,0,17,,,5,6,8
090130001114A066,4,,,,,,,,,,,,*,*,,,,*,*,*,*,*,*,,,,,,,,,*,,1,,,*,,,,,,,*,,
090130001114A062,16,8,8,100,3,11,,2,15,8,7,,0,*,16,8,8,0,0,0,0,0,0,13,13,13,8,,6,6,8,0,16,5,5,5,0,5,5,0,5,,,3,4,3
090130001114A061,238,122,116,95,59,163,16,2,232,121,111,6,*,5,223,114,109,0,0,0,*,0,*,9,9,9,141,60,81,52,140,*,208,36,34,34,0,34,34,0,34,5,9,30,15,25
090130001114A060,,,,0,0,0,0,0,0,0,0,0,0,0,0,0,0,0,0,0,0,0,0,0,0,0,0,0,0,0,0,0,0,0,0,0,0,0,0,0,0,0,0,0,0,0
090130001114A055,80,40,40,100,18,60,,2,66,33,33,14,7,7,75,36,39,4,3,*,*,0,*,10,11,10,50,22,28,15,50,0,64,25,23,23,0,23,23,0,23,6,5,14,9,18
090130001114A054,13,5,8,160,,11,0,1,12,4,8,,*,0,10,4,6,*,*,*,0,0,0,10,9,11,10,4,6,,10,0,4,8,6,6,0,6,6,0,6,0,4,4,3,6
090130001114A053,143,77,66,86,33,97,13,2,124,66,58,19,11,8,134,71,63,0,0,0,0,0,0,9,9,9,67,28,39,48,65,*,121,48,42,42,0,42,42,0,42,6,7,26,10,19
090130001114A050,98,45,53,118,23,71,4,2,83,36,47,15,9,6,83,39,44,5,*,3,0,0,0,11,11,11,51,18,33,26,51,0,80,29,28,28,0,28,28,0,28,8,10,19,18,18
090130001114A049,75,39,36,92,18,52,5,2,73,38,35,,*,*,73,38,35,0,0,0,75,39,36,11,11,12,34,15,19,32,34,0,56,20,18,18,0,18,18,0,18,5,,12,8,10
090130001114A048,7,,,,,,,,,,,,*,*,,,,*,*,*,*,*,*,,,,,,,,,*,,3,,,*,,,,,,,*,,
090130001114A047,56,33,23,70,14,40,,2,45,26,19,11,7,4,49,29,20,*,*,0,0,0,0,11,11,11,33,19,14,11,33,0,52,14,12,12,0,12,12,0,12,3,0,6,6,9
090130001114A046,32,16,16,100,9,23,0,2,30,14,16,,*,0,28,14,14,*,*,*,0,0,0,10,9,11,20,10,10,6,20,0,30,8,6,6,0,6,4,,4,0,0,5,,5
090130001114A045,64,32,32,100,7,52,5,2,60,31,29,4,*,3,61,31,30,0,0,0,*,*,0,10,9,10,44,18,26,13,42,*,48,15,12,12,0,12,12,0,12,0,,6,4,7
090130001114A044,79,43,36,84,25,51,3,2,61,34,27,18,9,9,73,40,33,*,*,0,0,0,0,10,10,10,41,17,24,22,40,*,70,21,18,18,0,18,18,0,18,,0,13,9,13
090130001114A043,93,42,51,121,26,62,5,2,71,30,41,21,11,10,91,40,51,0,0,0,0,0,0,10,10,10,47,22,25,29,47,0,32,27,26,26,0,25,26,0,25,,5,15,10,11
090130001114A042,40,20,20,100,9,31,0,2,38,20,18,,0,*,40,20,20,0,0,0,0,0,0,10,10,10,25,10,15,7,25,0,32,9,8,8,0,8,8,0,8,4,0,6,4,6
090130001114A041,24,12,12,100,3,20,,2,16,8,8,8,4,4,19,10,9,4,*,3,0,0,0,12,12,13,16,8,8,5,15,*,17,11,8,8,0,8,8,0,8,,,4,4,5
090130001114A036,38,20,18,90,10,26,,2,36,19,17,,*,*,36,19,17,0,0,0,0,0,0,10,10,10,21,9,12,9,20,*,25,7,7,7,0,7,7,0,7,0,0,*,0,0
090130001114A035,11,,,,,,,,,,,,*,*,,,,*,*,*,*,*,*,,,,,,,,,*,,2,,,*,,,,,,,*,,
090130001114A034,74,42,32,76,16,51,7,2,70,39,31,4,3,*,65,38,27,*,*,0,0,0,0,12,12,12,40,20,20,19,39,*,67,22,20,20,0,20,20,0,20,12,,9,8,16
090130001114A033,328,170,158,93,63,213,52,2,281,148,133,47,22,25,305,159,146,5,*,3,*,0,*,11,11,11,167,76,91,110,163,4,264,98,88,88,0,87,88,0,87,29,13,43,47,62
090130001114A031,21,14,7,50,5,15,,2,20,13,7,,*,0,21,14,7,0,0,0,0,0,0,10,9,12,11,5,6,6,11,0,16,4,4,4,0,4,4,0,4,,0,*,,
090130001114A030,32,17,15,88,8,24,0,2,27,13,14,5,4,*,30,16,14,0,0,0,0,0,0,11,10,12,22,11,11,4,22,0,25,10,9,9,0,9,8,,8,,0,8,3,6
090130001114A029,196,96,100,104,37,151,8,2,156,80,76,40,16,24,183,88,95,*,*,0,0,0,0,10,10,10,111,44,67,59,111,0,142,48,45,45,0,44,45,0,44,6,5,31,17,32
090130001114A028,176,96,80,83,33,136,7,2,170,93,77,6,3,3,165,92,73,3,3,0,3,*,*,11,10,11,127,66,61,26,126,*,152,41,38,38,0,36,38,0,36,9,,26,19,27
090130001114A026,119,63,56,89,31,83,5,2,96,51,45,23,12,11,106,57,49,3,*,*,0,0,0,10,10,11,71,32,39,22,71,0,91,28,28,28,0,24,28,0,24,10,7,17,13,16
090130001114A025,34,19,15,79,8,22,4,2,33,18,15,,*,0,31,16,15,0,0,0,4,*,3,11,12,10,19,9,10,9,19,0,27,10,9,9,0,9,9,0,9,4,3,6,8,9
090130001114A024,181,98,83,85,36,124,21,2,174,92,82,7,6,*,171,92,79,0,0,0,0,0,0,11,11,12,86,39,47,59,83,3,153,38,37,37,0,37,37,0,37,4,,4,3,5
090130001114A023,39,20,19,95,12,24,3,2,38,20,18,,0,*,32,18,14,0,0,0,0,0,0,9,8,10,17,6,11,12,16,*,34,7,7,7,0,7,7,0,7,3,,*,3,5
090130001114A022,33,16,17,106,8,19,6,1,32,16,16,,0,*,31,15,16,0,0,0,*,*,0,10,10,10,16,5,11,12,16,0,31,8,8,8,0,8,8,0,8,,0,7,3,
090130001114A019,51,25,26,104,14,34,3,2,45,21,24,6,4,*,48,23,25,0,0,0,0,0,0,9,8,9,32,14,18,5,32,0,32,13,11,11,0,11,11,0,11,,3,10,4,7
090130001114A018,10,,,,,,,,,,,,*,*,,,,*,*,*,*,*,*,,,,,,,,,*,,2,,,*,,,,,,,*,,
090130001114A016,133,64,69,108,19,98,16,2,108,50,58,24,14,10,118,57,61,7,3,4,10,6,4,11,11,10,94,37,57,24,92,*,103,45,40,40,0,40,40,0,40,11,6,22,14,21
090130001114A039,108,47,61,130,17,86,5,2,83,36,47,24,11,13,103,43,60,*,*,0,0,0,0,10,10,10,70,28,42,27,68,*,96,29,26,26,0,26,26,0,26,4,,16,7,15
090130001114A015,20,11,9,82,0,17,3,2,18,10,8,,*,*,20,11,9,0,0,0,*,*,0,11,11,11,14,8,6,6,13,*,15,5,5,5,0,5,5,0,5,4,,3,,4
090130001114A014,94,49,45,92,15,67,12,1,81,42,39,13,7,6,84,46,38,6,*,4,9,5,4,12,12,12,63,31,32,21,63,0,81,20,19,19,0,19,19,0,19,5,4,10,10,12
090130001114A013,46,19,27,142,10,32,4,2,43,19,24,3,0,3,42,18,24,0,0,0,0,0,0,10,10,11,21,9,12,19,21,0,34,7,7,7,0,7,7,0,7,0,,*,,
090130001114A011,71,41,30,73,9,47,15,2,63,36,27,8,5,3,68,39,29,0,0,0,0,0,0,9,9,10,45,21,24,18,44,*,66,18,17,17,0,17,17,0,17,0,,10,7,9
090130001114A010,6,,,,,,,,,,,,*,*,,,,*,*,*,*,*,*,,,,,,,,,*,,3,,,*,,,,,,,*,,
090130001114A009,,,,0,0,0,0,0,0,0,0,0,0,0,0,0,0,0,0,0,0,0,0,0,0,0,0,0,0,0,0,0,0,0,0,0,0,0,0,0,0,0,0,0,0,0
090130001114A008,,,,0,0,0,0,0,0,0,0,0,0,0,0,0,0,0,0,0,0,0,0,0,0,0,0,0,0,0,0,0,0,0,0,0,0,0,0,0,0,0,0,0,0,0
090130001114A007,20,10,10,100,4,16,0,2,20,10,10,0,0,0,17,8,9,0,0,0,0,0,0,13,13,12,11,4,7,5,11,0,17,6,4,4,0,4,4,0,4,0,,3,0,3
090130001114A006,80,38,42,111,24,55,,2,75,37,38,5,*,4,74,34,40,0,0,0,0,0,0,8,8,8,61,28,33,,61,0,56,28,24,24,0,24,16,8,16,0,3,20,3,6
090130001114A005,303,150,153,102,87,208,8,2,256,127,129,47,23,24,274,134,140,7,4,3,*,*,0,9,9,8,183,83,100,45,183,0,217,70,62,62,0,59,46,16,44,9,4,50,23,41
090130001114A003,14,7,7,100,,11,,3,8,5,3,6,*,4,14,7,7,0,0,0,0,0,0,11,13,9,11,6,5,,11,0,6,4,4,4,0,4,4,0,4,,0,3,3,3
090130001114A002,197,105,92,88,42,145,10,2,163,87,76,32,17,15,189,100,89,*,*,*,0,0,0,10,10,10,111,53,58,57,110,*,172,55,51,51,0,32,50,,31,10,5,31,21,30
090130001114A001,78,39,39,100,14,58,6,2,71,37,34,7,*,5,76,38,38,0,0,0,3,*,*,11,10,11,53,24,29,12,51,*,66,22,20,19,*,19,20,0,18,5,4,13,10,13
090130001114A038,116,69,47,68,24,86,6,2,111,66,45,5,3,*,107,62,45,0,0,0,0,0,0,11,11,11,69,36,33,26,69,0,99,23,23,23,0,23,23,0,23,7,3,16,12,15
0901300011135042,,,,0,0,0,0,0,0,0,0,0,0,0,0,0,0,0,0,0,0,0,0,0,0,0,0,0,0,0,0,0,0,0,0,0,0,0,0,0,0,0,0,0,0,0
0901300011135040,231,119,112,94,55,166,10,2,197,105,92,33,13,20,208,106,102,4,3,*,0,0,0,11,11,10,146,76,70,44,143,3,184,64,58,58,0,57,58,0,57,20,12,31,27,36
0901300011135039,102,53,49,92,16,75,11,2,101,53,48,,0,*,98,52,46,0,0,0,0,0,0,12,11,12,56,27,29,33,55,*,82,32,31,31,0,31,31,0,31,8,5,19,19,22
0901300011135038,20,9,11,122,4,15,,2,12,5,7,8,4,4,18,9,9,0,0,0,0,0,0,7,7,7,10,,8,7,10,0,15,5,5,5,0,4,3,,3,,0,4,,5
0901300011135034,24,12,12,100,7,17,0,2,23,11,12,,*,0,19,9,10,0,0,0,4,*,*,9,10,9,15,7,8,,15,0,17,6,5,5,0,5,4,,4,,3,*,,4
0901300011135033,90,43,47,109,29,58,3,2,87,42,45,3,*,*,83,42,41,0,0,0,5,3,*,10,10,10,40,14,26,23,40,0,87,23,22,22,0,22,21,,21,4,,6,5,11
0901300011135031,17,8,9,113,4,13,0,1,17,8,9,0,0,0,17,8,9,0,0,0,0,0,0,14,12,15,12,6,6,,12,0,7,5,5,5,0,3,5,0,3,,4,5,,3
090130001114A004,72,38,34,89,19,51,,2,63,34,29,9,4,5,66,35,31,0,0,0,0,0,0,10,10,10,41,18,23,15,41,0,51,17,17,17,0,16,17,0,16,3,7,13,10,15
0901300011135026,27,17,10,59,3,22,,1,22,14,8,5,3,*,26,16,10,0,0,0,4,*,*,13,13,13,17,9,8,8,17,0,27,7,7,7,0,7,7,0,7,5,0,3,7,7
0901300011135024,223,125,98,78,37,160,24,2,206,116,90,15,8,7,214,119,95,3,*,*,*,*,0,12,12,12,111,50,61,85,111,0,189,56,53,53,0,53,53,0,53,20,4,33,31,35
0901300011135023,80,37,43,116,13,60,7,2,69,32,37,11,5,6,77,35,42,*,*,0,0,0,0,12,12,12,39,14,25,29,39,0,65,21,21,21,0,21,21,0,21,5,3,9,8,10
0901300011135022,57,32,25,78,13,41,3,2,56,31,25,,*,0,56,32,24,0,0,0,*,*,0,9,9,9,30,14,16,18,30,0,53,13,12,12,0,12,12,0,12,,,4,3,3
0901300011135018,107,55,52,95,23,78,6,2,75,39,36,32,16,16,95,48,47,3,*,*,13,7,6,10,9,10,55,22,33,32,55,0,77,38,29,29,0,28,29,0,28,4,,9,5,8
0901300011135013,47,30,17,57,13,30,4,2,45,30,15,,0,*,43,28,15,0,0,0,0,0,0,13,12,15,19,12,7,17,19,0,47,9,9,9,0,9,9,0,9,3,3,4,4,8
0901300011135004,58,28,30,107,11,45,,2,49,24,25,9,4,5,55,27,28,0,0,0,0,0,0,10,10,10,23,8,15,28,21,*,36,13,12,12,0,,12,0,,6,4,7,6,6
0901300011120048,40,26,14,54,6,27,7,1,40,26,14,0,0,0,39,25,14,0,0,0,0,0,0,12,13,12,18,12,6,18,18,0,29,14,12,12,0,12,12,0,12,3,0,5,4,8
0901300011120045,8,,,,,,,,,,,,*,*,,,,*,*,*,*,*,*,,,,,,,,,*,,2,,,*,,,,,,,*,,
0901300011120039,20,10,10,100,6,10,4,2,20,10,10,0,0,0,17,9,8,0,0,0,0,0,0,15,15,15,9,4,5,5,9,0,15,7,7,7,0,7,7,0,7,4,,5,5,7
0901300011120025,3,,,,,,,,,,,,*,*,,,,*,*,*,*,*,*,,,,,,,,,*,,1,,,*,,,,,,,*,,
0901300011120024,11,,,,,,,,,,,,*,*,,,,*,*,*,*,*,*,,,,,,,,,*,,3,,,*,,,,,,,*,,
0901300011120016,,,,0,0,0,0,0,0,0,0,0,0,0,0,0,0,0,0,0,0,0,0,0,0,0,0,0,0,0,0,0,0,0,0,0,0,0,0,0,0,0,0,0,0,0
0901300011120015,51,28,23,82,11,32,8,2,45,26,19,6,*,4,50,28,22,0,0,0,0,0,0,13,13,12,23,11,12,20,22,*,46,15,12,12,0,12,12,0,12,7,,6,9,8
0901300011120013,93,40,53,133,22,57,14,2,86,35,51,7,5,*,82,34,48,*,*,0,0,0,0,12,12,12,45,14,31,28,45,0,87,22,22,22,0,22,22,0,22,10,,9,10,16
0901300011120012,68,35,33,94,14,46,8,2,68,35,33,0,0,0,61,32,29,0,0,0,0,0,0,11,11,11,38,17,21,18,35,3,62,13,13,13,0,13,13,0,13,5,,9,6,9
0901300011120011,10,6,4,67,0,7,3,2,10,6,4,0,0,0,10,6,4,0,0,0,0,0,0,13,13,12,5,,3,5,5,0,10,5,3,3,0,3,3,0,3,0,0,*,,
0901300011120010,9,4,5,125,0,8,,2,5,3,,4,*,3,9,4,5,0,0,0,0,0,0,10,8,12,5,,4,4,5,0,9,3,3,3,0,3,3,0,3,,0,0,,
0901300011120009,45,22,23,105,10,31,4,2,41,21,20,4,*,3,43,21,22,0,0,0,0,0,0,9,9,10,30,12,18,7,26,4,24,14,12,12,0,12,12,0,12,,,5,,6
0901300011120008,27,13,14,108,8,17,,2,25,11,14,,*,0,25,11,14,0,0,0,0,0,0,11,11,11,13,6,7,8,13,0,21,6,5,5,0,5,5,0,5,,0,3,,4
0901300011120004,27,16,11,69,3,19,5,1,25,14,11,,*,0,26,15,11,0,0,0,0,0,0,11,10,13,12,6,6,13,12,0,27,9,8,8,0,8,8,0,8,5,,5,6,6
0901300011120002,43,27,16,59,6,33,4,1,36,22,14,7,5,*,41,25,16,0,0,0,0,0,0,13,13,14,24,12,12,14,22,*,39,15,15,15,0,15,15,0,15,10,0,5,8,8
0901300011120001,72,38,34,89,14,45,13,2,63,33,30,9,5,4,71,37,34,0,0,0,*,*,0,12,11,13,35,14,21,24,34,*,72,19,19,19,0,19,19,0,19,6,0,7,9,15
0901300011116051,16,9,7,78,4,12,0,2,16,9,7,0,0,0,14,9,5,0,0,0,0,0,0,8,9,8,6,,4,7,6,0,11,4,3,3,0,3,3,0,3,,0,*,0,
0901300011116050,6,,,,,,,,,,,,*,*,,,,*,*,*,*,*,*,,,,,,,,,*,,1,,,*,,,,,,,*,,
0901300011116049,53,27,26,96,5,40,8,2,46,24,22,7,3,4,51,26,25,0,0,0,0,0,0,11,11,10,32,15,17,17,32,0,39,15,15,15,0,15,15,0,15,3,0,10,9,13
0901300011116048,8,,,,,,,,,,,,*,*,,,,*,*,*,*,*,*,,,,,,,,,*,,2,,,*,,,,,,,*,,
0901300011116047,13,8,5,63,,10,,2,13,8,5,0,0,0,12,7,5,0,0,0,0,0,0,11,11,12,7,3,4,4,7,0,7,7,4,4,0,4,4,0,4,3,0,*,3,4
0901300011116041,14,10,4,40,4,9,,2,14,10,4,0,0,0,12,9,3,0,0,0,0,0,0,10,11,9,7,5,,4,7,0,13,4,4,4,0,,4,0,,0,0,*,,0
0901300011116040,6,,,,,,,,,,,,*,*,,,,*,*,*,*,*,*,,,,,,,,,*,,2,,,*,,,,,,,*,,
0901300011116038,44,22,22,100,13,27,4,2,44,22,22,0,0,0,40,21,19,0,0,0,*,*,*,11,12,10,20,6,14,12,20,0,39,13,13,13,0,13,13,0,13,,,9,10,12
0901300011116037,,,,0,0,0,0,0,0,0,0,0,0,0,0,0,0,0,0,0,0,0,0,0,0,0,0,0,0,0,0,0,0,0,0,0,0,0,0,0,0,0,0,0,0,0
0901300011116036,,,,0,0,0,0,0,0,0,0,0,0,0,0,0,0,0,0,0,0,0,0,0,0,0,0,0,0,0,0,0,0,0,0,0,0,0,0,0,0,0,0,0,0,0
0901300011116029,64,33,31,94,9,49,6,2,55,27,28,9,6,3,61,30,31,*,*,0,7,3,4,11,12,11,48,22,26,11,48,0,51,19,18,18,0,18,18,0,18,5,,7,11,10
0901300011116027,40,24,16,67,6,29,5,1,36,21,15,4,3,*,38,23,15,0,0,0,0,0,0,13,13,13,21,11,10,15,20,*,29,14,13,13,0,13,13,0,13,5,,*,10,12
0901300011116020,99,48,51,106,18,62,19,2,87,42,45,12,6,6,94,47,47,0,0,0,0,0,0,11,11,10,48,20,28,36,48,0,81,24,23,23,0,23,23,0,23,8,,13,15,19
0901300011116019,19,9,10,111,3,13,3,2,16,9,7,3,0,3,18,9,9,0,0,0,0,0,0,10,10,9,12,4,8,5,12,0,8,6,6,6,0,4,5,,4,,,*,4,5
0901300011116018,9,6,3,50,,6,,1,9,6,3,0,0,0,8,5,3,0,0,0,0,0,0,12,12,13,5,3,,3,5,0,6,3,3,3,0,3,3,0,3,,0,*,,
0901300011116017,120,61,59,97,21,86,13,2,111,56,55,9,5,4,110,58,52,0,0,0,*,*,0,10,10,10,71,29,42,32,70,*,98,35,31,31,0,30,31,0,30,7,,16,12,20
0901300011116011,72,34,38,112,15,54,3,2,67,32,35,5,*,3,62,32,30,3,*,*,0,0,0,10,10,10,33,12,21,26,33,0,72,20,20,20,0,20,20,0,20,5,4,10,6,15
0901300011116009,23,8,15,188,4,14,5,3,21,7,14,,*,*,23,8,15,0,0,0,0,0,0,11,10,11,10,3,7,12,10,0,23,9,7,7,0,7,7,0,7,,0,7,6,5
0901300011116006,225,117,108,92,40,160,25,2,192,98,94,30,17,13,205,103,102,5,4,*,*,0,*,11,11,11,129,55,74,60,128,*,198,74,67,67,0,67,67,0,67,20,8,14,24,38
0901300011116002,80,48,32,67,17,57,6,1,72,45,27,7,*,5,68,42,26,4,*,*,*,0,*,11,11,10,36,20,16,30,35,*,75,17,16,16,0,16,16,0,16,3,3,10,10,12
0901300011101046,9,,,,,,,,,,,,*,*,,,,*,*,*,*,*,*,,,,,,,,,*,,1,,,*,,,,,,,*,,
0901300011101045,34,22,12,55,7,23,4,2,34,22,12,0,0,0,32,21,11,0,0,0,9,5,4,11,10,11,18,12,6,12,18,0,30,10,9,9,0,9,9,0,9,,,6,5,5
0901300011101043,16,8,8,100,4,12,0,2,15,8,7,,0,*,15,7,8,0,0,0,0,0,0,12,12,13,7,,5,6,7,0,13,7,3,3,0,3,3,0,3,,,*,3,3
0901300011101041,1,,,,,,,,,,,,*,*,,,,*,*,*,*,*,*,,,,,,,,,*,,2,,,*,,,,,,,*,,
0901300011101040,90,49,41,84,25,61,4,2,67,36,31,23,13,10,81,45,36,0,0,0,0,0,0,10,10,10,44,19,25,27,44,0,79,26,25,25,0,24,24,,24,3,4,13,8,9
0901300011101053,75,44,31,70,13,58,4,1,74,43,31,,*,0,73,42,31,0,0,0,0,0,0,12,12,11,41,19,22,25,40,*,59,16,15,15,0,15,15,0,15,5,5,11,8,12
0901300011101025,4,,,,,,,,,,,,*,*,,,,*,*,*,*,*,*,,,,,,,,,*,,1,,,*,,,,,,,*,,
0901300011101024,94,53,41,77,13,66,15,2,75,41,34,19,12,7,90,49,41,3,3,0,4,4,0,11,11,10,55,29,26,33,54,*,78,33,28,28,0,28,28,0,28,9,3,11,14,16
0901300011101023,112,62,50,81,25,71,16,2,90,47,43,21,14,7,103,56,47,3,3,0,*,*,*,11,11,11,65,30,35,31,65,0,99,33,29,29,0,29,29,0,29,8,8,11,11,20
0901300011101022,123,60,63,105,18,90,15,2,117,57,60,6,3,3,118,58,60,0,0,0,0,0,0,13,13,13,67,31,36,41,67,0,115,26,26,26,0,26,26,0,26,12,7,11,19,24
0901300011101021,13,10,3,30,4,4,5,2,11,8,3,,*,0,12,10,,0,0,0,0,0,0,13,14,12,3,3,0,8,3,0,13,3,3,3,0,3,3,0,3,3,0,*,3,3
0901300011101020,85,45,40,89,14,58,13,2,78,41,37,7,4,3,81,43,38,0,0,0,0,0,0,11,12,11,41,17,24,31,41,0,71,24,22,22,0,22,22,0,22,11,,12,15,15
0901300011101019,109,56,53,95,29,65,15,2,100,53,47,9,3,6,104,52,52,0,0,0,3,*,*,11,11,11,53,23,30,33,52,*,100,25,25,25,0,25,25,0,25,10,,13,16,16
0901300011101018,243,127,116,91,63,155,25,2,226,119,107,16,8,8,224,117,107,3,3,0,4,*,3,11,11,11,110,44,66,84,110,0,211,58,56,56,0,56,56,0,56,18,8,34,25,37
0901300011101017,91,48,43,90,23,61,7,2,88,46,42,3,*,*,86,44,42,0,0,0,0,0,0,11,10,12,54,22,32,18,54,0,69,22,20,20,0,20,20,0,20,8,3,5,9,14
0901300011116001,65,30,35,117,19,41,5,2,61,27,34,4,3,*,56,24,32,*,*,0,0,0,0,12,11,13,28,11,17,20,28,0,39,15,14,14,0,14,14,0,14,7,4,10,10,11
0901300011101014,97,54,43,80,21,68,8,2,87,48,39,10,6,4,89,51,38,*,0,*,7,3,4,12,12,11,54,29,25,27,53,*,80,25,22,22,0,22,22,0,22,4,4,11,11,16
0901300011101005,115,53,62,117,21,91,3,2,109,51,58,6,*,4,111,50,61,*,*,0,0,0,0,10,9,10,72,22,50,29,72,0,112,28,28,28,0,28,28,0,28,5,5,19,9,11
0901300011099032,5,,,,,,,,,,,,*,*,,,,*,*,*,*,*,*,,,,,,,,,*,,2,,,*,,,,,,,*,,
0901300011099031,,,,0,0,0,0,0,0,0,0,0,0,0,0,0,0,0,0,0,0,0,0,0,0,0,0,0,0,0,0,0,0,0,0,0,0,0,0,0,0,0,0,0,0,0
0901300011084036,66,38,28,74,15,46,5,2,59,33,26,7,5,*,63,37,26,0,0,0,0,0,0,12,12,11,28,11,17,27,27,*,58,14,12,12,0,12,12,0,12,4,0,6,9,9
0901300011084033,,,,0,0,0,0,0,0,0,0,0,0,0,0,0,0,0,0,0,0,0,0,0,0,0,0,0,0,0,0,0,0,0,0,0,0,0,0,0,0,0,0,0,0,0
0901300011084028,159,78,81,104,31,104,24,2,144,68,76,15,10,5,144,73,71,6,4,*,13,7,6,11,11,11,89,37,52,46,88,*,131,40,37,37,0,37,37,0,37,16,6,26,23,26
0901300011084027,23,11,12,109,4,18,,1,21,10,11,,*,*,21,11,10,*,0,*,0,0,0,14,15,13,11,6,5,9,10,*,12,8,6,6,0,6,6,0,6,3,0,*,4,4
0901300011084024,46,24,22,92,10,31,5,2,41,21,20,5,3,*,43,23,20,*,0,*,0,0,0,12,12,12,27,12,15,10,27,0,46,7,6,6,0,5,6,0,5,,0,3,4,4
0901300011084017,23,9,14,156,3,14,6,4,21,7,14,,*,0,20,7,13,*,*,0,0,0,0,14,12,15,14,4,10,6,14,0,23,7,6,6,0,6,6,0,6,,,3,3,4
0901300011084016,157,82,75,91,23,107,27,2,149,77,72,8,5,3,153,80,73,0,0,0,0,0,0,12,12,12,81,37,44,58,81,0,142,41,40,40,0,40,40,0,40,21,8,17,23,32
090130001114A082,45,25,20,80,11,27,7,2,44,25,19,,0,*,44,24,20,0,0,0,0,0,0,9,9,10,29,13,16,6,29,0,42,8,8,8,0,8,8,0,8,,,6,5,5
090130001114A081,7,,,,,,,,,,,,*,*,,,,*,*,*,*,*,*,,,,,,,,,*,,3,,,*,,,,,,,*,,
090130001114A080,39,19,20,105,7,30,,1,32,16,16,7,3,4,39,19,20,0,0,0,*,0,*,10,11,10,19,7,12,13,19,0,27,11,9,9,0,9,9,0,9,3,,7,6,6
090130001114A079,42,20,22,110,13,28,,2,30,14,16,11,5,6,37,18,19,0,0,0,0,0,0,7,8,7,22,9,13,9,22,0,31,11,11,11,0,11,11,0,11,,,6,,
090130001114A078,79,41,38,93,20,56,3,2,66,35,31,13,6,7,76,38,38,0,0,0,0,0,0,9,9,10,40,16,24,20,37,3,55,16,16,16,0,16,16,0,16,,3,9,6,7
090130001114A077,69,33,36,109,10,55,4,2,57,28,29,12,5,7,64,33,31,0,0,0,3,*,*,10,10,11,43,18,25,18,42,*,54,20,17,17,0,16,17,0,16,6,,13,7,6
090130001114A076,45,17,28,165,10,34,,2,43,16,27,,*,*,43,16,27,0,0,0,0,0,0,11,10,11,26,7,19,12,25,*,44,11,11,11,0,11,11,0,11,,3,7,6,8
090130001114A075,300,141,159,113,66,215,19,2,265,122,143,35,19,16,275,130,145,0,0,0,0,0,0,11,11,11,178,75,103,65,177,*,238,80,72,72,0,58,72,0,58,19,16,58,35,48
090130001114A074,15,7,8,114,6,8,,3,13,6,7,,*,*,15,7,8,0,0,0,0,0,0,9,9,9,5,,3,8,4,*,15,6,4,4,0,4,4,0,4,,,3,,
090130001114A073,22,10,12,120,5,12,5,2,20,9,11,,*,*,22,10,12,0,0,0,0,0,0,9,9,9,9,4,5,9,9,0,15,6,6,6,0,6,6,0,6,0,0,*,0,0
0901300011084011,74,39,35,90,17,50,7,2,66,33,33,8,6,*,68,38,30,0,0,0,0,0,0,10,10,11,42,19,23,19,41,*,55,20,19,19,0,18,18,,18,4,,9,11,13
0901300011084003,229,112,117,104,37,158,34,2,192,91,101,36,21,15,215,106,109,6,*,4,9,3,6,10,10,11,115,42,73,90,114,*,212,55,51,51,0,51,51,0,51,18,5,24,26,31
0901300011084025,25,14,11,79,3,19,3,2,23,13,10,,*,*,25,14,11,0,0,0,0,0,0,11,11,11,11,7,4,13,11,0,22,4,4,4,0,4,4,0,4,,,*,,4
0901300010705006,4,,,,,,,,,,,,*,*,,,,*,*,*,*,*,*,,,,,,,,,*,,1,,,*,,,,,,,*,,
0901300010705005,1,,,,,,,,,,,,*,*,,,,*,*,*,*,*,*,,,,,,,,,*,,2,,,*,,,,,,,*,,
0901300010705004,47,22,25,114,15,32,0,2,35,15,20,12,7,5,40,18,22,*,*,*,0,0,0,9,9,9,23,9,14,9,23,0,33,12,12,12,0,0,12,0,0,,0,10,3,4
0901300010705002,147,80,67,84,36,107,4,2,125,66,59,22,14,8,140,76,64,0,0,0,0,0,0,9,9,9,76,30,46,43,76,0,127,40,36,36,0,4,36,0,4,10,,28,12,21
0901300011101056,17,9,8,89,,12,3,2,16,9,7,,0,*,16,8,8,0,0,0,0,0,0,11,11,10,11,5,6,4,11,0,12,5,4,4,0,4,4,0,4,0,0,0,3,3
0901300010688032,84,41,43,105,13,52,19,1,76,36,40,8,5,3,77,39,38,*,*,0,0,0,0,13,13,13,44,17,27,32,43,*,77,29,26,26,0,26,26,0,26,17,3,12,18,21
0901300010334042,49,19,30,158,6,39,4,2,43,17,26,6,*,4,47,19,28,0,0,0,*,0,*,12,12,12,30,9,21,15,29,*,47,14,12,12,0,12,12,0,12,7,0,3,7,11
0901300010334041,109,55,54,98,25,74,10,2,98,48,50,10,6,4,100,49,51,5,*,3,*,0,*,12,11,12,62,27,35,29,59,3,94,42,36,36,0,36,36,0,36,11,5,12,16,24
0901300010334040,85,54,31,57,19,55,11,1,75,46,29,10,8,*,78,49,29,3,3,0,*,*,*,11,10,11,44,24,20,28,44,0,84,21,21,21,0,21,21,0,21,4,,11,11,15
0901300010334038,76,34,42,124,13,53,10,2,66,30,36,10,4,6,73,32,41,*,*,0,3,*,*,12,12,12,44,17,27,24,43,*,50,27,22,22,0,22,22,0,22,7,,10,10,14
0901300010334037,101,55,46,84,13,78,10,2,95,50,45,6,5,*,94,52,42,0,0,0,3,*,*,10,10,11,58,27,31,34,56,*,95,27,26,26,0,25,26,0,25,5,3,14,10,20
0901300010334036,263,133,130,98,38,194,31,2,241,121,120,21,11,10,251,128,123,*,0,*,10,6,4,13,13,13,147,67,80,89,143,4,210,82,73,73,0,73,73,0,73,38,9,29,55,56
0901300010334018,257,140,117,84,50,172,35,2,222,117,105,35,23,12,243,129,114,5,4,*,*,0,*,12,11,12,145,65,80,69,142,3,204,66,63,61,0,61,61,0,61,35,4,19,31,46
0901300010334016,300,148,152,103,46,214,40,2,274,137,137,22,8,14,286,141,145,8,3,5,*,0,*,12,12,12,158,68,90,105,152,6,233,93,81,80,0,80,80,0,80,45,12,39,52,63
0901300010334015,520,276,244,88,88,376,56,2,490,259,231,27,17,10,485,252,233,9,7,*,*,0,*,13,13,13,282,137,145,161,275,7,440,157,138,138,0,138,138,0,138,72,18,60,91,108
0901300010334014,47,23,24,104,4,37,6,1,46,22,24,,*,0,47,23,24,0,0,0,*,0,*,12,12,12,18,9,9,29,17,*,45,16,14,14,0,14,14,0,14,3,0,5,10,11
0901300010334013,279,145,134,92,45,203,31,1,247,130,117,32,15,17,266,137,129,*,*,0,5,3,*,13,13,13,148,63,85,94,144,4,257,91,78,78,0,77,78,0,77,51,13,28,56,56
0901300010334012,229,126,103,82,43,160,26,2,194,108,86,35,18,17,205,115,90,9,5,4,3,*,*,12,12,12,134,72,62,60,131,3,186,90,73,73,0,73,73,0,73,32,5,24,42,49
0901300010334011,241,134,107,80,57,155,29,2,203,115,88,37,19,18,218,125,93,0,0,0,6,4,*,11,11,11,136,74,62,51,135,*,189,77,62,62,0,62,62,0,62,24,4,19,31,40
0901300010334010,192,109,83,76,37,133,22,1,173,100,73,19,9,10,183,106,77,0,0,0,8,6,*,13,13,13,94,46,48,70,92,*,151,70,62,62,0,62,62,0,62,40,5,18,41,48
0901300010334009,207,114,93,82,48,140,19,2,184,101,83,23,13,10,189,107,82,11,5,6,3,*,*,12,12,12,113,57,56,59,110,3,179,53,49,49,0,49,49,0,49,28,8,20,30,37
0901300010334008,93,55,38,69,17,68,8,2,90,54,36,3,*,*,84,49,35,*,*,0,0,0,0,11,11,11,52,25,27,27,52,0,80,21,20,20,0,20,20,0,20,9,4,10,11,17
0901300010334007,264,131,133,102,53,180,31,2,246,121,125,18,10,8,245,121,124,5,*,3,6,3,3,11,11,11,142,64,78,82,139,3,212,81,73,73,0,73,73,0,73,22,6,36,34,53
0901300010334006,223,115,108,94,49,140,34,2,199,101,98,24,14,10,207,108,99,4,*,3,0,0,0,10,11,10,126,55,71,59,124,*,175,56,46,46,0,46,46,0,46,17,3,20,23,31
0901300010334005,250,128,122,95,42,174,34,2,224,108,116,23,18,5,232,120,112,4,*,3,4,3,*,12,12,13,141,60,81,74,140,*,230,81,67,67,0,67,67,0,67,31,5,29,36,51
0901300010334004,328,179,149,83,67,232,29,2,276,149,127,48,26,22,292,157,135,11,5,6,4,*,*,12,12,12,169,76,93,109,164,5,270,105,86,86,0,86,86,0,86,38,5,39,50,63
0901300010334003,154,74,80,108,17,102,35,2,136,65,71,16,7,9,143,68,75,9,5,4,*,*,*,14,14,13,89,39,50,55,84,5,126,60,50,50,0,49,50,0,49,34,3,22,34,38
0901300010334002,263,146,117,80,53,182,28,2,237,136,101,26,10,16,241,131,110,6,3,3,14,6,8,11,11,11,135,62,73,87,131,4,185,92,75,75,0,73,74,,72,27,7,25,33,53
0901300010334001,407,202,205,101,77,286,44,2,355,178,177,50,24,26,373,186,187,16,4,12,3,0,3,12,12,12,244,103,141,104,241,3,307,159,134,133,*,134,134,0,133,56,15,38,66,89
090130001025A018,121,61,60,98,6,84,31,2,114,58,56,6,3,3,119,59,60,*,*,0,0,0,0,12,12,13,65,31,34,53,65,0,83,74,73,73,0,73,73,0,73,33,25,34,49,54
090130001025A017,163,88,75,85,25,111,27,2,151,81,70,12,7,5,153,82,71,*,0,*,0,0,0,13,13,13,78,36,42,66,78,0,145,49,47,47,0,47,47,0,47,23,3,14,26,34
090130001025A008,37,20,17,85,3,27,7,2,35,20,15,,0,*,36,19,17,0,0,0,0,0,0,13,14,13,20,9,11,16,19,*,32,11,11,11,0,11,11,0,11,8,,4,9,11
090130001025A007,70,41,29,71,18,47,5,1,66,39,27,,*,*,61,36,25,*,0,*,0,0,0,11,11,10,34,15,19,19,34,0,49,21,21,21,0,21,21,0,21,7,6,8,10,19
090130001025A006,48,27,21,78,,34,13,2,43,23,20,5,4,*,46,26,20,*,0,*,0,0,0,12,12,13,28,10,18,19,28,0,30,41,36,36,0,36,36,0,36,16,15,14,23,24
090130001025A005,351,186,165,89,48,247,56,2,324,173,151,27,13,14,330,177,153,6,3,3,*,*,0,11,11,12,182,72,110,134,181,*,300,101,95,95,0,95,95,0,95,42,9,31,56,73
090130001025A001,124,59,65,110,13,89,22,2,123,59,64,,0,*,115,53,62,0,0,0,0,0,0,12,11,12,74,32,42,39,74,0,118,41,39,39,0,39,39,0,39,21,3,22,26,32
0901300010245026,86,40,46,115,15,58,13,2,86,40,46,0,0,0,81,40,41,0,0,0,0,0,0,11,11,11,43,16,27,33,43,0,56,29,29,29,0,29,29,0,29,9,5,16,11,21
0901300010245024,71,35,36,103,9,57,5,2,71,35,36,0,0,0,68,34,34,0,0,0,0,0,0,10,10,10,43,17,26,20,43,0,68,20,20,20,0,20,20,0,20,5,4,12,16,17
0901300010245023,19,10,9,90,3,13,3,2,19,10,9,0,0,0,19,10,9,0,0,0,0,0,0,12,11,14,10,4,6,6,10,0,19,5,5,5,0,5,5,0,5,3,,4,5,5
0901300010245021,22,12,10,83,,12,9,2,21,11,10,,*,0,22,12,10,0,0,0,*,*,0,10,10,10,15,8,7,6,15,0,22,7,6,6,0,5,6,0,5,,0,3,3,4
0901300010245018,99,59,40,68,15,65,19,2,98,59,39,,0,*,93,56,37,*,0,*,*,*,0,11,11,11,50,28,22,37,50,0,92,25,25,25,0,25,25,0,25,7,5,6,12,15
0901300010245017,74,36,38,106,8,49,17,2,71,35,36,3,*,*,74,36,38,0,0,0,3,*,*,12,12,12,35,14,21,31,34,*,64,23,21,21,0,21,21,0,21,11,4,5,15,17
0901300010245016,114,71,43,61,21,76,17,2,110,68,42,4,3,*,109,68,41,0,0,0,15,10,5,11,11,11,58,33,25,38,53,5,93,26,23,23,0,22,23,0,22,12,5,11,12,16
0901300010245015,27,15,12,80,7,17,3,2,23,13,10,4,*,*,24,13,11,*,*,*,0,0,0,11,11,10,14,7,7,9,14,0,27,7,7,7,0,7,7,0,7,4,,*,4,5
0901300010245014,251,124,127,102,49,182,20,2,248,123,125,,*,*,236,118,118,*,*,0,6,3,3,11,11,10,121,47,74,92,119,*,224,96,92,91,0,91,91,0,91,18,5,22,26,42
0901300010245013,119,59,60,102,17,86,16,2,114,56,58,4,3,*,116,58,58,0,0,0,*,*,*,12,13,11,78,43,35,26,77,*,103,43,39,39,0,39,39,0,39,21,14,20,24,29
0901300010245011,75,44,31,70,4,57,14,1,74,43,31,,*,0,73,44,29,0,0,0,*,*,0,13,13,13,33,18,15,38,33,0,71,23,20,20,0,20,20,0,20,9,,6,9,18
0901300010245010,25,14,11,79,6,16,3,1,25,14,11,0,0,0,25,14,11,0,0,0,0,0,0,13,13,13,12,6,6,12,12,0,23,9,9,9,0,9,9,0,9,3,0,*,6,8
090130001025A003,37,11,26,236,,34,,1,36,11,25,0,0,0,37,11,26,0,0,0,*,0,*,5,2,6,7,,6,30,6,*,9,4,3,3,0,3,3,0,3,3,0,*,3,3
0901300010245008,14,6,8,133,,12,,2,14,6,8,0,0,0,13,6,7,0,0,0,0,0,0,15,15,15,9,3,6,4,8,*,13,7,5,5,0,5,5,0,5,4,,*,,3
0901300010245006,45,25,20,80,8,29,8,2,40,22,18,5,3,*,41,22,19,0,0,0,0,0,0,8,8,9,33,15,18,6,32,*,42,15,14,14,0,14,14,0,14,6,7,8,4,5
0901300010245005,153,76,77,101,30,103,20,2,136,69,67,16,6,10,137,67,70,3,0,3,5,*,3,10,11,10,86,36,50,43,83,3,130,57,55,55,0,55,55,0,55,22,18,27,27,26
0901300010245004,102,55,47,85,13,79,10,2,101,55,46,,0,*,100,54,46,0,0,0,*,*,0,11,11,11,54,25,29,39,54,0,96,30,29,29,0,29,29,0,29,6,,17,20,23
0901300010245003,7,4,3,75,0,4,3,2,7,4,3,0,0,0,7,4,3,0,0,0,0,0,0,14,14,15,,,,5,,0,7,3,3,3,0,3,3,0,3,,0,*,,
0901300010245001,252,129,123,95,37,173,42,2,250,128,122,,*,*,243,124,119,*,*,0,4,*,3,12,12,12,105,36,69,120,105,0,213,73,69,69,0,69,69,0,69,26,5,27,32,49
090130001114A040,8,4,4,100,,6,0,2,8,4,4,0,0,0,8,4,4,0,0,0,0,0,0,14,16,13,7,3,4,0,7,0,8,3,3,3,0,3,3,0,3,0,,*,,
0901300010230031,32,11,21,191,,25,5,2,23,11,12,8,0,8,23,10,13,7,0,7,0,0,0,12,12,12,18,7,11,13,18,0,32,4,4,4,0,4,4,0,4,,,4,,4
0901300010230025,61,32,29,91,11,41,9,2,55,30,25,6,*,4,58,30,28,0,0,0,*,*,*,11,10,11,30,9,21,21,29,*,50,15,12,12,0,12,12,0,12,4,3,8,6,8
0901300010230024,69,35,34,97,17,44,8,2,67,33,34,,*,0,67,35,32,0,0,0,*,0,*,11,9,12,25,6,19,32,24,*,69,13,13,13,0,13,13,0,13,8,7,8,10,12
0901300010245009,64,32,32,100,12,47,5,2,59,31,28,5,*,4,55,27,28,3,*,*,9,5,4,10,10,11,36,14,22,16,35,*,54,15,14,14,0,14,14,0,14,3,0,*,3,10
0901300010230021,175,84,91,108,35,113,27,2,171,83,88,4,*,3,169,82,87,0,0,0,0,0,0,12,11,12,93,42,51,51,89,4,139,44,39,39,0,39,39,0,39,10,3,20,23,26
0901300010230020,239,119,120,101,46,167,26,2,220,108,112,19,11,8,226,114,112,*,*,0,*,*,*,11,11,11,131,59,72,71,126,5,175,51,50,50,0,50,50,0,50,21,3,16,29,35
0901300010230019,118,70,48,69,30,75,13,2,94,54,40,24,16,8,105,62,43,4,*,3,0,0,0,11,11,12,45,23,22,49,44,*,106,39,35,35,0,35,35,0,35,12,0,11,18,21
0901300010230018,14,6,8,133,,11,,2,14,6,8,0,0,0,14,6,8,0,0,0,0,0,0,16,16,16,10,5,5,3,8,*,9,5,4,4,0,4,4,0,4,3,0,*,3,4
0901300010230017,190,88,102,116,21,135,34,2,177,82,95,13,6,7,184,84,100,*,*,0,23,9,14,11,12,11,99,39,60,76,93,6,168,52,49,49,0,49,49,0,49,24,9,23,28,38
0901300010230016,90,46,44,96,18,66,6,2,67,33,34,23,13,10,84,45,39,0,0,0,0,0,0,11,10,11,50,19,31,24,46,4,75,34,29,29,0,29,29,0,29,5,3,8,8,14
0901300010230014,,,,0,0,0,0,0,0,0,0,0,0,0,0,0,0,0,0,0,0,0,0,0,0,0,0,0,0,0,0,0,0,0,0,0,0,0,0,0,0,0,0,0,0,0
0901300010230013,,,,0,0,0,0,0,0,0,0,0,0,0,0,0,0,0,0,0,0,0,0,0,0,0,0,0,0,0,0,0,0,0,0,0,0,0,0,0,0,0,0,0,0,0
0901300010230012,,,,0,0,0,0,0,0,0,0,0,0,0,0,0,0,0,0,0,0,0,0,0,0,0,0,0,0,0,0,0,0,0,0,0,0,0,0,0,0,0,0,0,0,0
0901300010230011,97,50,47,94,14,69,14,2,81,39,42,16,11,5,92,45,47,*,*,0,0,0,0,12,12,12,52,24,28,34,52,0,86,37,30,30,0,30,30,0,30,11,3,13,15,17
0901300010230010,30,15,15,100,4,26,0,1,26,12,14,4,3,*,29,14,15,0,0,0,0,0,0,12,11,12,18,9,9,10,18,0,23,14,10,10,0,10,10,0,10,6,0,5,5,4
0901300010230030,71,36,35,97,14,54,3,2,68,35,33,3,*,*,69,35,34,0,0,0,0,0,0,12,12,12,41,19,22,19,40,*,56,16,16,16,0,15,16,0,15,8,,8,10,11
0901300010230008,72,34,38,112,5,59,8,1,60,28,32,9,5,4,69,34,35,*,0,*,0,0,0,14,13,14,47,19,28,21,46,*,58,26,21,21,0,21,21,0,21,17,5,7,17,19
0901300010230005,109,61,48,79,17,76,16,1,97,53,44,12,8,4,102,57,45,0,0,0,*,*,*,13,14,13,61,31,30,33,60,*,73,35,30,30,0,30,30,0,30,16,6,12,20,23
0901300010230004,156,89,67,75,28,100,28,2,145,79,66,11,10,*,145,82,63,*,*,*,0,0,0,12,12,13,73,33,40,59,65,8,112,44,36,36,0,36,36,0,36,21,,15,21,30
0901300010230003,49,24,25,104,5,39,5,2,40,17,23,9,7,*,46,23,23,0,0,0,*,*,0,13,13,12,34,15,19,11,33,*,34,27,17,17,0,17,17,0,17,8,,8,11,13
0901300010230002,228,110,118,107,35,163,30,2,195,95,100,33,15,18,218,108,110,*,0,*,*,0,*,12,12,12,121,49,72,82,119,*,184,72,62,62,0,62,62,0,62,29,10,20,29,39
0901300010230001,99,55,44,80,17,60,22,2,89,48,41,9,7,*,96,54,42,0,0,0,*,*,0,13,13,13,46,25,21,38,41,5,78,32,28,28,0,28,28,0,28,18,3,10,19,22
0901300010226040,65,30,35,117,7,47,11,1,58,27,31,7,3,4,63,30,33,0,0,0,*,0,*,11,11,11,32,16,16,25,31,*,58,21,20,20,0,20,20,0,20,4,,8,7,15
0901300010226039,9,,,,,,,,,,,,*,*,,,,*,*,*,*,*,*,,,,,,,,,*,,2,,,*,,,,,,,*,,
0901300010226038,19,10,9,90,,14,3,1,15,8,7,4,*,*,19,10,9,0,0,0,0,0,0,10,9,11,5,,3,12,5,0,19,6,6,6,0,6,6,0,6,,0,5,4,5
0901300010226037,71,39,32,82,12,48,11,2,62,33,29,9,6,3,70,39,31,0,0,0,0,0,0,10,10,10,39,19,20,23,36,3,70,13,13,13,0,13,13,0,13,3,,6,8,13
0901300010226036,25,11,14,127,4,17,4,1,24,11,13,,0,*,23,11,12,0,0,0,0,0,0,13,13,13,16,8,8,5,16,0,25,4,4,4,0,4,4,0,4,3,0,4,3,3
0901300010226035,84,46,38,83,13,53,18,2,79,44,35,5,*,3,82,45,37,*,*,0,0,0,0,12,12,13,37,21,16,37,36,*,81,23,23,23,0,23,23,0,23,9,,*,15,15
0901300010226034,22,12,10,83,4,12,6,2,20,10,10,,*,0,20,11,9,0,0,0,0,0,0,10,11,9,7,,5,12,7,0,22,6,6,6,0,6,6,0,6,3,0,4,,4
0901300010226033,81,42,39,93,15,56,10,2,79,40,39,,*,0,77,42,35,0,0,0,0,0,0,11,11,11,37,16,21,32,37,0,80,20,19,19,0,19,19,0,19,3,0,14,12,16
0901300010226031,16,9,7,78,3,12,,2,16,9,7,0,0,0,15,8,7,0,0,0,0,0,0,13,12,14,6,3,3,7,6,0,12,3,3,3,0,3,3,0,3,,0,3,3,3
0901300010226030,58,28,30,107,4,43,11,2,48,21,27,9,6,3,58,28,30,0,0,0,0,0,0,12,12,11,36,15,21,21,32,4,49,22,20,20,0,20,20,0,20,8,3,7,12,14
0901300010226029,130,71,59,83,19,92,19,1,122,65,57,8,6,*,125,70,55,0,0,0,0,0,0,12,12,12,50,23,27,68,50,0,112,40,38,38,0,38,38,0,38,16,,19,22,30
0901300010226028,206,110,96,87,36,143,27,2,174,94,80,32,16,16,195,107,88,3,*,*,5,*,4,12,12,12,112,55,57,70,112,0,165,82,61,60,*,61,61,0,60,25,8,23,26,39
0901300010226027,110,52,58,112,16,77,17,2,94,43,51,15,9,6,105,49,56,0,0,0,*,*,*,13,12,13,61,25,36,35,60,*,99,28,27,26,*,27,27,0,26,16,7,14,17,21
0901300010226024,70,38,32,84,10,45,15,2,55,30,25,10,4,6,62,34,28,0,0,0,*,*,*,13,13,12,30,13,17,28,29,*,53,22,18,18,0,18,18,0,18,9,0,8,13,14
0901300010226023,38,21,17,81,5,31,,1,37,21,16,,0,*,38,21,17,0,0,0,5,5,0,15,15,14,20,8,12,16,20,0,28,15,14,14,0,14,14,0,14,9,0,6,10,12
0901300010226022,44,28,16,57,5,23,16,1,41,26,15,3,*,*,43,28,15,0,0,0,0,0,0,12,12,13,18,10,8,23,18,0,42,11,11,11,0,11,11,0,11,5,0,4,6,9
0901300010226021,41,21,20,95,8,29,4,2,38,19,19,3,*,*,38,20,18,0,0,0,0,0,0,12,12,12,19,7,12,16,19,0,34,11,10,10,0,10,10,0,10,4,0,5,5,9
0901300010226019,82,50,32,64,13,57,12,1,77,46,31,5,4,*,82,50,32,0,0,0,0,0,0,12,11,12,36,17,19,42,34,*,73,20,17,17,0,17,17,0,17,8,,8,9,14
0901300010226018,156,79,77,97,30,105,21,2,141,70,71,15,9,6,142,73,69,4,*,3,*,*,0,12,13,12,82,42,40,47,79,3,127,43,41,41,0,41,41,0,41,13,6,20,31,34
0901300010230006,76,41,35,85,11,55,10,2,69,38,31,6,3,3,74,40,34,0,0,0,*,*,0,13,13,12,41,21,20,28,41,0,69,20,20,20,0,20,20,0,20,11,3,7,14,17
0901300010226015,,,,0,0,0,0,0,0,0,0,0,0,0,0,0,0,0,0,0,0,0,0,0,0,0,0,0,0,0,0,0,0,0,0,0,0,0,0,0,0,0,0,0,0,0
0901300010226011,29,16,13,81,,25,,2,26,13,13,3,3,0,29,16,13,0,0,0,0,0,0,13,13,14,12,5,7,16,12,0,25,10,9,9,0,9,9,0,9,5,,8,6,7
0901300010226010,24,13,11,85,4,14,6,1,24,13,11,0,0,0,22,12,10,0,0,0,0,0,0,13,14,12,14,7,7,7,14,0,20,10,7,7,0,7,7,0,7,5,3,4,7,7
0901300010226008,,,,0,0,0,0,0,0,0,0,0,0,0,0,0,0,0,0,0,0,0,0,0,0,0,0,0,0,0,0,0,0,0,0,0,0,0,0,0,0,0,0,0,0,0
0901300010226007,73,42,31,74,8,50,15,1,60,34,26,13,8,5,70,39,31,*,*,0,0,0,0,12,12,12,41,19,22,26,41,0,67,29,29,29,0,29,29,0,29,12,,8,14,20
0901300010226006,,,,0,0,0,0,0,0,0,0,0,0,0,0,0,0,0,0,0,0,0,0,0,0,0,0,0,0,0,0,0,0,0,0,0,0,0,0,0,0,0,0,0,0,0
0901300010226004,94,51,43,84,15,60,19,2,82,44,38,12,7,5,88,48,40,*,*,*,0,0,0,12,12,13,43,19,24,39,43,0,65,32,30,30,0,30,30,0,30,15,4,14,16,20
0901300010226003,90,49,41,84,19,56,15,2,62,35,27,28,14,14,78,43,35,9,4,5,*,0,*,11,11,11,50,21,29,25,48,*,56,37,31,31,0,31,31,0,31,8,,11,12,22
0901300010226002,4,1,3,300,0,4,0,6,2,1,1,2,0,2,4,1,3,0,0,0,2,1,1,9,9,8,4,1,3,0,4,0,4,0,0,0,0,0,0,0,0,0,0,0,0,0
0901300010226001,80,33,47,142,9,66,5,2,63,26,37,17,7,10,74,31,43,4,*,3,0,0,0,11,11,12,46,15,31,27,45,*,73,21,19,19,0,19,19,0,19,9,3,14,9,12
0901300010211043,25,11,14,127,7,17,,2,21,10,11,4,*,3,17,8,9,5,3,*,0,0,0,14,13,14,16,7,9,4,16,0,15,12,12,12,0,12,12,0,12,7,3,0,9,9
0901300010211042,54,30,24,80,11,43,0,1,48,26,22,6,4,*,52,28,24,0,0,0,0,0,0,16,16,16,35,16,19,9,35,0,38,22,20,20,0,20,20,0,20,16,5,7,19,19
0901300010211041,55,28,27,96,8,43,4,2,38,17,21,17,11,6,51,24,27,3,3,0,0,0,0,15,15,15,30,13,17,20,29,*,45,22,18,18,0,18,18,0,18,11,,3,17,17
0901300010211038,53,24,29,121,9,38,6,2,52,24,28,,0,*,51,23,28,0,0,0,*,0,*,13,13,12,32,14,18,13,31,*,47,14,13,13,0,13,13,0,13,7,,4,10,10
0901300010211037,47,21,26,124,5,34,8,1,46,20,26,,*,0,46,21,25,0,0,0,0,0,0,12,12,11,20,9,11,23,20,0,47,7,7,7,0,7,7,0,7,,,5,6,7
0901300010211036,50,29,21,72,4,40,6,1,49,29,20,,0,*,49,28,21,0,0,0,0,0,0,13,14,12,32,16,16,14,29,3,48,14,13,13,0,13,13,0,13,8,0,7,10,10
0901300010211035,37,22,15,68,5,28,4,1,34,21,13,,0,*,36,21,15,0,0,0,0,0,0,14,14,14,17,7,10,17,15,*,31,14,11,11,0,11,11,0,11,5,,4,7,7
0901300010211034,88,44,44,100,15,64,9,2,78,37,41,10,7,3,87,44,43,0,0,0,0,0,0,12,11,12,40,16,24,37,39,*,73,21,19,19,0,19,19,0,19,11,3,11,14,16
0901300010211033,109,55,54,98,13,78,18,2,90,44,46,19,11,8,106,55,51,0,0,0,0,0,0,11,11,12,64,29,35,37,60,4,89,27,26,26,0,26,26,0,26,13,4,10,17,18
0901300010211032,28,14,14,100,8,18,,2,26,13,13,,*,*,28,14,14,0,0,0,*,*,0,10,10,11,13,8,5,7,13,0,14,8,7,7,0,7,7,0,7,4,0,3,6,6
0901300010211031,21,12,9,75,,16,3,1,21,12,9,0,0,0,20,12,8,0,0,0,0,0,0,12,13,11,11,6,5,8,11,0,21,9,9,9,0,8,9,0,8,,,*,4,5
0901300010211030,162,86,76,88,25,113,24,2,146,74,72,16,12,4,153,82,71,0,0,0,17,9,8,11,11,11,86,37,49,55,85,*,103,49,45,45,0,45,45,0,45,19,5,13,28,27
0901300010211026,61,28,33,118,8,44,9,2,57,27,30,4,*,3,60,28,32,0,0,0,0,0,0,12,11,12,34,10,24,21,33,*,47,20,18,18,0,18,18,0,18,12,0,9,13,17
0901300010211025,168,90,78,87,36,114,18,2,148,79,69,19,11,8,162,87,75,0,0,0,*,0,*,11,11,11,93,47,46,52,92,*,151,54,47,47,0,47,47,0,47,11,5,9,17,32
0901300010211024,43,21,22,105,3,37,3,2,39,19,20,3,*,*,41,19,22,0,0,0,*,0,*,12,13,12,24,12,12,16,23,*,42,16,11,11,0,11,11,0,11,6,,3,9,10
0901300010211023,54,29,25,86,5,37,12,2,36,20,16,18,9,9,54,29,25,0,0,0,*,0,*,11,12,10,26,10,16,24,26,0,37,18,18,18,0,17,18,0,17,7,4,3,11,10
0901300010211022,48,22,26,118,6,37,5,2,39,21,18,9,*,8,43,20,23,0,0,0,0,0,0,15,15,15,27,11,16,15,26,*,42,17,14,14,0,14,14,0,14,14,,*,13,14
0901300010211021,,,,0,0,0,0,0,0,0,0,0,0,0,0,0,0,0,0,0,0,0,0,0,0,0,0,0,0,0,0,0,0,0,0,0,0,0,0,0,0,0,0,0,0,0
0901300010211019,131,74,57,77,18,101,12,2,110,60,50,20,14,6,122,68,54,5,4,*,0,0,0,13,13,12,58,27,31,56,56,*,97,43,37,37,0,37,37,0,37,26,9,9,28,34
0901300010211018,129,63,66,105,15,101,13,1,106,51,55,23,12,11,118,60,58,4,0,4,0,0,0,12,12,12,70,32,38,48,68,*,84,43,41,41,0,41,40,,40,17,6,8,19,26
0901300010211017,2,,,,,,,,,,,,*,*,,,,*,*,*,*,*,*,,,,,,,,,*,,1,,,*,,,,,,,*,,
0901300010211016,172,93,79,85,30,128,14,2,162,87,75,9,6,3,167,88,79,0,0,0,0,0,0,11,11,12,105,51,54,47,104,*,145,47,41,41,0,41,41,0,41,16,4,18,28,34
0901300010211014,162,88,74,84,24,109,29,2,125,66,59,37,22,15,149,80,69,*,0,*,0,0,0,12,12,12,93,44,49,46,92,*,110,49,46,46,0,46,46,0,46,16,6,21,24,33
0901300010211013,57,30,27,90,8,41,8,2,55,30,25,,0,*,55,29,26,0,0,0,0,0,0,12,12,12,37,17,20,15,33,4,43,16,14,14,0,14,14,0,14,7,,8,10,9
0901300010211012,,,,0,0,0,0,0,0,0,0,0,0,0,0,0,0,0,0,0,0,0,0,0,0,0,0,0,0,0,0,0,0,0,0,0,0,0,0,0,0,0,0,0,0,0
0901300010211011,201,111,90,81,29,157,15,2,181,99,82,18,11,7,191,108,83,3,*,*,0,0,0,12,12,12,111,55,56,70,110,*,158,62,52,52,0,52,52,0,52,28,12,16,35,42
0901300010230029,16,9,7,78,,12,,2,16,9,7,0,0,0,16,9,7,0,0,0,14,8,6,13,13,14,10,6,4,4,10,0,14,6,6,6,0,6,6,0,6,4,,*,6,6
0901300010211009,146,80,66,83,25,100,21,2,117,62,55,28,17,11,140,75,65,0,0,0,0,0,0,11,11,11,83,36,47,41,82,*,110,45,39,39,0,39,39,0,39,15,,14,23,26
0901300010211008,75,38,37,97,15,47,13,2,67,34,33,8,4,4,72,37,35,0,0,0,0,0,0,13,13,13,32,14,18,32,32,0,69,20,19,19,0,19,19,0,19,15,,11,13,16
0901300010211007,419,247,172,70,78,270,71,2,371,215,156,46,31,15,392,230,162,*,*,*,0,0,0,12,11,12,200,104,96,158,195,5,398,108,101,101,0,101,101,0,101,44,10,33,63,67
0901300010211006,19,7,12,171,3,14,,1,17,7,10,,0,*,19,7,12,0,0,0,0,0,0,14,15,14,13,6,7,3,13,0,19,9,7,7,0,7,7,0,7,5,4,3,5,6
0901300010211005,292,152,140,92,35,218,39,1,257,132,125,32,19,13,279,145,134,7,*,5,8,4,4,14,13,14,157,69,88,115,153,4,230,89,84,82,0,82,82,0,82,56,11,24,69,76
0901300010211020,50,21,29,138,7,34,9,2,42,19,23,8,*,6,44,18,26,*,0,*,0,0,0,12,12,13,30,10,20,14,30,0,42,19,14,14,0,14,14,0,14,9,,4,12,12
0901300010211004,125,68,57,84,14,89,22,2,108,55,53,17,13,4,121,66,55,0,0,0,0,0,0,12,12,12,83,39,44,33,81,*,108,43,40,40,0,40,40,0,40,17,,12,22,28
0901300010211003,55,32,23,72,7,33,15,2,51,28,23,4,4,0,55,32,23,0,0,0,*,*,0,12,11,13,23,13,10,27,23,0,53,17,17,17,0,17,17,0,17,8,0,5,7,11
0901300010211002,48,22,26,118,6,35,7,1,46,21,25,,*,*,47,22,25,0,0,0,0,0,0,12,12,12,27,9,18,17,27,0,40,13,12,12,0,12,12,0,12,8,,3,8,10
0901300010211029,73,42,31,74,13,50,10,2,68,39,29,5,3,*,67,39,28,0,0,0,0,0,0,11,12,11,39,22,17,22,39,0,62,18,17,17,0,17,17,0,17,9,5,4,9,12
0901300010211046,24,9,15,167,,20,3,1,21,9,12,3,0,3,23,9,14,*,0,*,0,0,0,15,16,15,13,4,9,11,13,0,22,12,10,10,0,10,10,0,10,6,,0,7,7
0901300010122045,42,24,18,75,10,27,5,2,41,23,18,,*,0,38,21,17,0,0,0,0,0,0,12,11,14,20,7,13,14,19,*,42,7,7,7,0,7,7,0,7,3,,3,5,4
090130001025A025,55,30,25,83,11,41,3,1,54,29,25,,*,0,54,29,25,0,0,0,0,0,0,12,12,12,29,12,17,18,29,0,42,20,18,18,0,18,18,0,18,5,8,10,6,13
090130001025A022,57,25,32,128,9,43,5,2,48,19,29,9,6,3,55,24,31,0,0,0,8,3,5,12,12,13,36,14,22,14,36,0,41,18,18,18,0,18,18,0,18,5,,4,7,14
090130001025A021,113,56,57,102,14,74,25,2,109,53,56,4,3,*,107,54,53,0,0,0,0,0,0,11,11,11,51,23,28,52,51,0,105,31,30,30,0,30,30,0,30,11,,6,14,23
090130001025A019,39,20,19,95,3,26,10,1,38,19,19,,*,0,38,20,18,0,0,0,*,0,*,13,13,13,29,14,15,8,29,0,27,22,21,21,0,21,21,0,21,7,9,11,14,17
0901300010137028,4,,,,,,,,,,,,*,*,,,,*,*,*,*,*,*,,,,,,,,,*,,1,,,*,,,,,,,*,,
0901300010137020,16,6,10,167,5,9,,2,16,6,10,0,0,0,15,6,9,0,0,0,0,0,0,10,9,11,5,,4,6,5,0,13,4,3,3,0,3,3,0,3,0,0,*,0,
0901300010122048,,,,0,0,0,0,0,0,0,0,0,0,0,0,0,0,0,0,0,0,0,0,0,0,0,0,0,0,0,0,0,0,0,0,0,0,0,0,0,0,0,0,0,0,0
0901300010211045,23,12,11,92,,18,4,1,18,11,7,5,*,4,23,12,11,0,0,0,0,0,0,14,15,14,15,8,7,7,15,0,23,12,9,9,0,9,9,0,9,7,0,0,8,9
0901300010211044,16,7,9,129,0,10,6,2,11,5,6,5,*,3,16,7,9,0,0,0,0,0,0,12,10,14,8,4,4,8,6,*,12,12,7,7,0,7,7,0,7,5,0,*,5,6
0901300010137044,37,19,18,95,11,25,,2,30,15,15,7,4,3,32,17,15,*,0,*,0,0,0,11,12,11,21,12,9,6,21,0,36,7,7,7,0,7,7,0,7,,0,4,4,4
0901300010137043,77,41,36,88,14,55,8,2,62,30,32,15,11,4,75,40,35,*,0,*,*,0,*,8,9,7,48,24,24,20,48,0,54,23,20,20,0,20,20,0,20,,,8,10,11
0901300010137041,19,10,9,90,,14,3,1,19,10,9,0,0,0,19,10,9,0,0,0,0,0,0,12,12,12,10,5,5,8,8,*,19,6,4,4,0,4,4,0,4,,0,*,4,4
0901300010137040,51,22,29,132,11,34,6,2,46,21,25,5,*,4,48,22,26,*,0,*,0,0,0,11,11,11,29,13,16,15,26,3,39,23,18,18,0,18,18,0,18,,3,13,4,7
0901300010137039,38,14,24,171,7,24,7,2,26,8,18,12,6,6,36,13,23,0,0,0,0,0,0,10,9,10,22,7,15,12,20,*,28,9,9,9,0,9,9,0,9,,,5,4,4
0901300010137025,91,49,42,86,9,70,12,1,83,43,40,7,5,*,89,48,41,0,0,0,0,0,0,12,12,12,56,33,23,30,56,0,70,34,28,28,0,28,28,0,28,5,,10,15,19
0901300010137024,54,27,27,100,4,43,7,1,50,26,24,4,*,3,53,27,26,0,0,0,*,*,*,12,12,12,37,16,21,14,35,*,49,15,14,14,0,14,14,0,14,4,4,6,7,9
0901300010137022,26,16,10,63,3,14,9,2,26,16,10,0,0,0,25,16,9,0,0,0,0,0,0,12,12,12,13,9,4,12,13,0,16,19,9,9,0,9,9,0,9,4,,6,6,7
0901300010137018,97,48,49,102,24,58,15,2,84,42,42,13,6,7,88,45,43,3,*,*,0,0,0,9,9,9,51,25,26,22,51,0,89,23,20,20,0,20,20,0,20,3,4,10,7,10
0901300010137014,143,77,66,86,23,98,22,2,130,71,59,13,6,7,139,76,63,0,0,0,0,0,0,11,10,11,77,33,44,48,77,0,127,34,34,34,0,34,34,0,34,14,5,19,17,24
0901300010137013,63,32,31,97,14,45,4,2,61,30,31,,*,0,59,30,29,0,0,0,0,0,0,11,11,12,29,14,15,24,29,0,49,16,14,14,0,13,14,0,13,6,,8,10,13
0901300010137011,107,55,52,95,12,76,19,2,93,45,48,14,10,4,103,54,49,0,0,0,0,0,0,14,14,14,54,25,29,43,50,4,79,30,28,28,0,28,28,0,28,13,,14,19,21
0901300010137010,53,23,30,130,11,33,9,2,51,22,29,,*,*,51,23,28,0,0,0,3,*,*,15,15,15,24,9,15,22,21,3,47,16,13,13,0,13,13,0,13,12,0,6,11,11
0901300010137009,223,105,118,112,31,169,23,2,200,93,107,21,12,9,206,97,109,5,3,*,27,13,14,11,10,11,121,45,76,70,120,*,166,64,57,57,0,57,56,,56,19,6,26,33,41
0901300010137008,215,109,106,97,46,147,22,2,206,103,103,9,6,3,204,104,100,*,*,0,0,0,0,11,11,12,118,51,67,55,116,*,188,57,54,54,0,54,54,0,54,12,,27,26,36
0901300010137006,234,127,107,84,36,164,34,2,215,115,100,19,12,7,224,122,102,*,*,0,0,0,0,12,11,12,113,49,64,90,111,*,184,56,54,54,0,54,54,0,54,19,5,18,26,39
0901300010137005,218,114,104,91,36,149,33,2,189,100,89,27,14,13,204,110,94,3,*,*,3,*,*,12,12,13,115,61,54,72,114,*,187,62,50,50,0,50,50,0,50,12,0,21,25,39
0901300010137032,138,66,72,109,28,91,19,2,107,49,58,31,17,14,127,62,65,*,*,0,0,0,0,11,12,10,74,30,44,40,72,*,121,46,42,42,0,42,42,0,42,11,6,22,17,24
0901300010137004,208,116,92,79,39,142,27,2,181,100,81,27,16,11,187,101,86,12,8,4,19,12,7,11,11,12,112,58,54,69,112,0,162,54,48,48,0,48,48,0,48,19,3,16,26,34
0901300010137001,267,143,124,87,58,175,34,2,233,125,108,34,18,16,249,135,114,5,*,3,0,0,0,11,10,11,126,56,70,95,123,3,223,64,58,58,0,57,58,0,57,16,4,19,28,35
0901300010122043,56,30,26,87,10,34,12,2,53,28,25,,*,*,52,28,24,0,0,0,*,0,*,12,12,12,31,16,15,17,29,*,47,20,16,16,0,16,16,0,16,6,3,12,4,9
0901300010122041,119,60,59,98,14,88,17,1,115,57,58,4,3,*,116,58,58,0,0,0,0,0,0,12,12,12,66,29,37,44,62,4,102,35,33,33,0,33,33,0,33,10,,17,17,22
0901300010122038,26,14,12,86,5,16,5,2,26,14,12,0,0,0,26,14,12,0,0,0,0,0,0,13,12,14,14,9,5,8,13,*,17,7,7,7,0,7,7,0,7,,0,3,3,6
0901300010122037,14,9,5,56,3,10,,1,13,9,4,,0,*,14,9,5,0,0,0,0,0,0,12,12,12,8,4,4,5,8,0,9,4,4,4,0,4,4,0,4,,0,*,3,4
0901300010122034,45,26,19,73,10,31,4,2,39,23,16,6,3,3,41,25,16,0,0,0,0,0,0,13,13,14,19,10,9,17,18,*,45,11,10,10,0,10,10,0,10,5,,4,5,7
0901300010122033,39,18,21,117,8,28,3,2,37,17,20,,*,*,35,16,19,0,0,0,0,0,0,12,13,12,16,7,9,16,15,*,30,11,11,11,0,11,11,0,11,5,,9,4,8
0901300010122032,15,5,10,200,3,9,3,2,15,5,10,0,0,0,13,5,8,0,0,0,0,0,0,12,13,12,7,,6,6,6,*,14,5,5,5,0,5,5,0,5,3,0,*,3,3
0901300010122025,119,64,55,86,20,80,19,1,98,50,48,19,13,6,113,59,54,0,0,0,0,0,0,13,13,13,58,22,36,50,55,3,66,49,37,37,0,37,37,0,37,19,4,14,22,28
0901300010122022,235,126,109,87,43,155,37,2,225,119,106,10,7,3,228,121,107,0,0,0,0,0,0,12,12,12,107,46,61,97,105,*,207,68,62,62,0,62,62,0,62,24,6,26,39,48
0901300010122046,9,,,0,,,,,,,,,*,*,,,,*,*,*,*,*,*,,,,,,,,,*,,3,,,*,,,,,,,*,,
0901300010122019,161,79,82,104,28,112,21,2,157,77,80,4,*,*,146,73,73,3,0,3,5,3,*,13,12,14,78,27,51,60,76,*,138,43,38,38,0,38,38,0,38,18,4,23,25,27
0901300010122016,19,8,11,138,3,12,4,3,19,8,11,0,0,0,18,8,10,0,0,0,*,*,*,12,13,12,12,4,8,3,12,0,18,5,4,4,0,4,4,0,4,,,3,,3
0901300010122015,33,18,15,83,,28,3,1,32,17,15,,*,0,33,18,15,0,0,0,5,*,4,13,13,13,14,4,10,16,14,0,30,11,9,9,0,9,9,0,9,4,,5,4,7
0901300010122013,152,76,76,100,15,115,22,2,130,62,68,22,14,8,143,75,68,*,0,*,4,*,*,12,12,12,86,37,49,54,83,3,117,57,49,49,0,49,49,0,49,17,,11,26,35
0901300010122012,54,24,30,125,7,40,7,2,48,20,28,5,4,*,51,23,28,0,0,0,*,0,*,11,10,12,34,13,21,14,34,0,46,15,14,14,0,14,14,0,14,7,,10,8,12
0901300010122010,146,80,66,83,29,92,25,2,132,69,63,13,10,3,141,78,63,0,0,0,0,0,0,11,11,11,66,28,38,57,66,0,136,38,33,33,0,33,33,0,33,15,3,17,14,23
0901300010122007,93,50,43,86,7,70,16,2,82,41,41,11,9,*,90,49,41,0,0,0,0,0,0,12,12,12,58,28,30,28,58,0,66,33,28,28,0,28,28,0,28,8,,11,18,21
0901300010122004,145,78,67,86,17,97,31,2,135,71,64,10,7,3,144,77,67,0,0,0,*,*,0,12,12,12,76,39,37,55,75,*,130,47,43,43,0,43,43,0,43,17,,7,22,31
0901300010122003,247,128,119,93,39,173,35,2,223,110,113,23,17,6,239,122,117,*,*,*,5,4,*,12,12,12,123,53,70,102,120,3,179,76,69,69,0,69,69,0,69,23,13,30,50,55
0901300010122002,40,24,16,67,5,29,6,2,36,23,13,4,*,3,39,23,16,0,0,0,0,0,0,12,13,12,21,9,12,14,20,*,39,13,11,11,0,11,11,0,11,5,0,*,6,7
0901300011120043,208,105,103,98,34,143,31,2,192,96,96,16,9,7,196,101,95,6,*,4,*,*,0,11,10,11,111,46,65,70,109,*,203,51,48,48,0,48,48,0,48,15,7,31,29,36
0901300011120028,89,47,42,89,21,57,11,1,74,38,36,15,9,6,86,45,41,*,*,0,0,0,0,11,11,11,52,23,29,22,52,0,80,32,27,27,0,27,27,0,27,5,,10,9,18
0901300011120027,39,26,13,50,9,23,7,2,34,22,12,5,4,*,35,24,11,0,0,0,0,0,0,11,10,12,21,11,10,10,20,*,24,6,6,6,0,6,6,0,6,0,,5,3,6
0901300011120047,43,23,20,87,9,31,3,2,41,22,19,,*,*,40,22,18,0,0,0,0,0,0,10,10,10,29,14,15,8,27,*,41,16,15,15,0,15,15,0,15,5,,7,4,10
0901300011120032,56,31,25,81,9,41,6,1,53,28,25,3,3,0,53,30,23,0,0,0,0,0,0,11,11,11,33,17,16,15,31,*,49,13,12,12,0,12,12,0,12,6,,7,8,8
0901300011116030,54,28,26,93,12,32,10,2,52,26,26,,*,0,48,25,23,*,0,*,*,*,0,11,10,11,26,12,14,17,26,0,54,13,13,13,0,13,13,0,13,4,,5,6,10
0901300011116045,75,36,39,108,23,49,3,2,69,31,38,6,5,*,68,33,35,0,0,0,*,*,0,10,10,10,37,16,21,22,35,*,68,15,14,14,0,14,14,0,14,3,4,9,9,14
0901300011116046,88,40,48,120,19,65,4,2,84,38,46,4,*,*,80,38,42,0,0,0,0,0,0,10,11,10,46,19,27,26,44,*,73,18,18,18,0,18,18,0,18,7,4,13,7,15
0901300011116012,121,66,55,83,21,92,8,2,115,63,52,6,3,3,114,62,52,4,3,*,0,0,0,12,11,13,70,33,37,35,70,0,113,27,27,27,0,27,27,0,27,9,4,18,11,20
0901300011116025,73,40,33,83,10,51,12,2,68,37,31,5,3,*,71,38,33,0,0,0,3,*,*,13,13,13,38,17,21,27,37,*,65,18,18,18,0,18,18,0,18,9,,7,13,14
0901300011120018,245,129,116,90,38,171,36,2,232,122,110,13,7,6,231,121,110,0,0,0,3,*,*,12,11,12,120,51,69,92,120,0,206,68,63,63,0,63,63,0,63,19,13,40,40,49
0901300011135019,145,76,69,91,20,103,22,2,139,73,66,6,3,3,144,76,68,0,0,0,138,73,65,11,11,11,78,38,40,54,78,0,132,46,41,41,0,41,41,0,41,23,4,30,29,31
0901300011120023,64,34,30,88,8,48,8,2,54,29,25,10,5,5,61,31,30,0,0,0,0,0,0,13,13,13,40,18,22,16,40,0,56,19,14,14,0,14,14,0,14,7,3,4,9,10
0901300011120006,351,189,162,86,67,245,39,2,327,179,148,22,9,13,329,177,152,7,*,5,*,0,*,12,12,12,197,88,109,102,182,15,292,88,77,77,0,77,77,0,77,38,7,40,48,61
0901300011120034,37,19,18,95,8,25,4,2,31,16,15,6,3,3,33,17,16,4,*,*,0,0,0,10,10,11,24,12,12,5,24,0,31,9,9,9,0,9,9,0,9,4,,4,3,6
0901300011120020,103,50,53,106,9,78,16,2,97,46,51,6,4,*,103,50,53,0,0,0,0,0,0,12,12,12,61,26,35,36,59,*,88,21,18,18,0,18,18,0,18,3,0,9,13,17
0901300011120021,34,18,16,89,7,23,4,2,29,14,15,5,4,*,29,15,14,5,3,*,0,0,0,14,15,13,19,8,11,9,18,*,19,7,6,6,0,6,6,0,6,4,,3,4,5
0901300011120036,8,,,,,,,,,,,,*,*,,,,*,*,*,*,*,*,,,,,,,,,*,,2,,,*,,,,,,,*,,
0901300011120019,41,25,16,64,5,29,7,2,37,23,14,4,*,*,39,24,15,0,0,0,*,*,0,12,13,12,25,15,10,13,25,0,35,13,12,12,0,12,12,0,12,8,,9,10,11
0901300011116043,12,,,,,,,,,,,,*,*,,,,*,*,*,*,*,*,,,,,,,,,*,,3,,,*,,,,,,,*,,
0901300011116013,113,61,52,85,21,83,9,1,107,58,49,6,3,3,107,57,50,*,*,0,20,7,13,12,12,12,66,29,37,31,65,*,106,30,25,25,0,25,25,0,25,16,,12,16,23
0901300011116033,77,43,34,79,9,54,14,2,69,37,32,8,6,*,68,38,30,4,*,*,6,3,3,10,10,10,50,25,25,20,50,0,68,28,23,23,0,22,23,0,22,4,,10,8,13
0901300011116034,22,12,10,83,4,16,,1,22,12,10,0,0,0,21,12,9,0,0,0,3,*,*,13,14,11,12,6,6,7,12,0,22,9,7,7,0,7,7,0,7,3,0,6,3,4
0901300011116024,29,14,15,107,8,14,7,2,29,14,15,0,0,0,28,14,14,0,0,0,0,0,0,10,10,10,11,3,8,13,10,*,26,5,5,5,0,5,5,0,5,,,*,0,3
0901300011116022,53,30,23,77,9,35,9,2,48,28,20,5,*,3,48,29,19,*,0,*,4,*,*,11,11,13,29,17,12,16,29,0,48,13,13,13,0,13,13,0,13,5,,7,8,9
0901300011116023,102,56,46,82,18,76,8,2,80,43,37,22,13,9,93,51,42,*,*,*,3,*,*,11,11,12,59,28,31,30,59,0,78,32,30,30,0,30,30,0,30,7,,9,16,20
0901300011116014,4,,,,,,,,,,,,*,*,,,,*,*,*,*,*,*,,,,,,,,,*,,3,,,*,,,,,,,*,,
090130001114A056,180,97,83,86,39,134,7,2,152,79,73,28,18,10,158,86,72,0,0,0,0,0,0,10,9,10,106,48,58,41,105,*,155,44,41,41,0,11,41,0,11,7,6,29,18,16
090130001114A069,31,21,10,48,8,23,0,1,23,18,5,8,3,5,29,19,10,0,0,0,0,0,0,8,9,6,16,7,9,9,16,0,18,9,8,8,0,,6,,,0,0,6,,
090130001114A058,58,33,25,76,16,38,4,2,40,20,20,18,13,5,55,30,25,0,0,0,0,0,0,8,8,9,32,15,17,14,31,*,42,18,16,16,0,3,16,0,3,0,3,10,,5
090130001114A027,63,32,31,97,14,41,8,2,40,21,19,22,10,12,46,22,24,13,7,6,0,0,0,9,10,8,41,19,22,11,41,0,27,20,20,19,*,20,20,0,19,,,6,4,6
0901300011135037,63,34,29,85,22,41,0,2,39,22,17,24,12,12,46,25,21,10,4,6,0,0,0,8,8,9,30,11,19,14,30,0,48,22,20,20,0,20,19,,19,,3,13,4,5
0901300011135036,63,32,31,97,11,48,4,2,59,31,28,4,*,3,58,30,28,0,0,0,0,0,0,10,11,10,47,23,24,6,43,4,25,13,13,13,0,13,13,0,13,6,0,10,10,13
0901300010226016,1,,1,,0,1,0,,1,0,1,0,0,0,1,0,1,0,0,0,0,0,0,1,0,1,1,0,1,0,1,0,0,0,0,0,0,0,0,0,0,0,0,0,0,0
0901300011135029,105,53,52,98,19,78,8,2,93,46,47,12,7,5,100,49,51,0,0,0,105,53,52,10,10,10,73,31,42,17,73,0,90,23,23,23,0,23,22,,22,11,4,17,12,15
0901300011135048,17,8,9,113,5,11,,1,14,6,8,3,*,*,16,8,8,0,0,0,17,8,9,9,9,9,12,7,5,,12,0,12,6,5,5,0,5,5,0,5,0,,3,3,4
0901300011135049,70,38,32,84,16,52,,1,48,24,24,22,14,8,63,33,30,3,*,*,*,0,*,10,10,11,40,18,22,19,40,0,53,22,21,21,0,21,21,0,21,4,4,8,9,13
0901300011135003,114,53,61,115,23,85,6,1,87,42,45,25,11,14,90,40,50,15,8,7,3,0,3,12,12,12,67,24,43,28,66,*,75,43,38,38,0,38,38,0,38,15,5,20,24,27
0901300011135007,184,86,98,114,40,142,,2,172,81,91,12,5,7,175,81,94,0,0,0,184,86,98,9,8,9,115,43,72,37,115,0,164,52,52,52,0,52,52,0,52,7,3,41,13,29
0901300011135050,114,53,61,115,28,79,7,2,95,46,49,19,7,12,104,51,53,*,0,*,109,52,57,8,9,8,63,29,34,27,62,*,98,31,29,29,0,28,28,,27,8,4,21,6,16
0901300011135051,32,14,18,129,8,21,3,2,31,14,17,,0,*,29,13,16,*,*,*,0,0,0,13,12,14,20,9,11,7,19,*,17,9,9,9,0,9,9,0,9,5,0,6,6,6
0901300011135001,156,76,80,105,32,112,12,2,149,73,76,6,3,3,144,68,76,*,0,*,0,0,0,11,11,10,108,52,56,27,106,*,122,41,37,37,0,36,37,0,36,8,10,15,14,27
0901300011135052,21,10,11,110,5,16,0,1,19,10,9,,0,*,20,9,11,0,0,0,0,0,0,12,12,13,15,7,8,,15,0,16,7,6,6,0,6,5,,5,5,,*,3,3
090130001114A065,477,254,223,88,140,319,18,2,332,170,162,143,83,60,425,222,203,5,4,*,*,0,*,8,8,8,233,100,133,137,233,0,356,115,113,112,*,54,113,0,54,6,5,68,21,28
090130001114A084,76,33,43,130,26,48,,2,49,18,31,27,15,12,70,32,38,0,0,0,0,0,0,7,7,8,39,17,22,16,39,0,53,18,18,18,0,16,18,0,16,4,,14,3,3
090130001114A057,359,177,182,103,91,257,11,2,300,146,154,59,31,28,326,161,165,0,0,0,4,4,0,9,9,9,188,69,119,97,186,*,253,95,90,89,*,19,86,4,19,16,9,62,24,36
0901300011120057,14,8,6,75,,12,,2,12,6,6,,*,0,14,8,6,0,0,0,0,0,0,9,9,9,8,5,3,5,7,*,14,4,4,4,0,4,4,0,4,0,0,3,,3
0901300011120022,53,22,31,141,8,38,7,2,48,19,29,5,3,*,53,22,31,0,0,0,0,0,0,11,11,12,30,10,20,17,30,0,38,13,13,13,0,13,13,0,13,7,,*,8,11
0901300011135045,331,155,176,114,90,232,9,2,238,106,132,92,48,44,302,138,164,4,3,*,20,10,10,9,9,9,178,72,106,86,178,0,210,95,85,85,0,47,84,,47,28,10,36,31,39
0901300011084021,54,31,23,74,10,39,5,1,45,27,18,9,4,5,53,31,22,0,0,0,0,0,0,12,12,12,31,12,19,15,30,*,53,13,12,12,0,12,12,0,12,3,,10,9,8
0901300011084037,8,,,,,,,,,,,,*,*,,,,*,*,*,*,*,*,,,,,,,,,*,,4,,,*,,,,,,,*,,
0901300011084001,158,88,70,80,39,104,15,2,143,81,62,15,7,8,146,84,62,*,*,0,*,0,*,11,11,11,78,40,38,47,78,0,121,33,33,33,0,33,33,0,33,11,8,21,23,26
0901300011084005,52,28,24,86,16,34,,1,43,23,20,9,5,4,48,26,22,0,0,0,0,0,0,10,10,10,28,16,12,13,28,0,47,13,11,11,0,11,11,0,11,5,,6,7,7
0901300011135035,86,45,41,91,15,66,5,2,72,37,35,14,8,6,83,43,40,0,0,0,0,0,0,10,10,10,41,12,29,32,37,4,83,26,20,20,0,4,19,,4,6,4,11,9,14
0901300011135005,301,154,147,95,69,209,23,2,276,141,135,25,13,12,265,138,127,15,5,10,0,0,0,11,11,10,194,100,94,52,194,0,242,100,84,83,*,81,82,,79,35,10,50,33,49
0901300011084007,28,14,14,100,7,17,4,3,26,13,13,,*,*,26,12,14,0,0,0,0,0,0,9,10,9,15,7,8,6,15,0,28,6,5,5,0,5,5,0,5,,,4,0,3
090130001025A020,81,35,46,131,14,54,13,2,81,35,46,0,0,0,78,34,44,0,0,0,0,0,0,9,9,10,39,13,26,28,39,0,63,24,24,24,0,24,24,0,24,7,4,17,12,17
090130001025A010,31,15,16,107,9,20,,2,31,15,16,0,0,0,26,12,14,0,0,0,*,0,*,11,11,11,17,6,11,6,17,0,20,5,5,5,0,5,5,0,5,3,,*,,5
090130001025A011,196,99,97,98,42,131,23,2,196,99,97,0,0,0,186,93,93,0,0,0,*,0,*,11,10,11,94,38,56,71,92,*,173,47,46,46,0,46,46,0,46,15,6,26,21,29
090130001025A012,137,66,71,108,36,90,11,2,133,63,70,4,3,*,132,64,68,0,0,0,*,0,*,11,10,11,79,32,47,32,79,0,102,35,34,34,0,34,33,,33,11,5,16,17,24
090130001025A037,21,11,10,91,3,16,,2,21,11,10,0,0,0,19,9,10,0,0,0,0,0,0,8,10,7,8,0,8,10,8,0,21,7,7,7,0,7,7,0,7,,,4,4,6
090130001025A040,7,,,,,,,,,,,,*,*,,,,*,*,*,*,*,*,,,,,,,,,*,,2,,,*,,,,,,,*,,
090130001025A042,25,18,7,39,4,17,4,2,24,18,6,,0,*,25,18,7,0,0,0,0,0,0,11,12,9,12,6,6,11,12,0,20,7,7,7,0,7,7,0,7,,,4,4,5
090130001025A033,26,11,15,136,5,19,,1,25,11,14,,0,*,24,10,14,0,0,0,0,0,0,10,9,11,20,8,12,,20,0,26,5,5,5,0,5,5,0,5,3,,3,,5
090130001025A039,73,43,30,70,13,59,,2,70,41,29,,*,0,68,39,29,*,*,0,0,0,0,10,9,10,40,16,24,23,40,0,64,22,22,22,0,22,22,0,22,,0,14,8,13
090130001025A035,132,74,58,78,29,89,14,1,123,68,55,9,6,3,125,69,56,0,0,0,0,0,0,11,11,12,64,32,32,48,62,*,124,38,36,36,0,36,36,0,36,15,4,17,19,28
090130001025A029,118,65,53,82,12,91,15,1,118,65,53,0,0,0,114,64,50,0,0,0,*,*,*,11,11,10,67,33,34,41,65,*,102,32,32,32,0,32,32,0,32,12,,18,18,24
0901300011116016,68,35,33,94,11,44,13,2,64,32,32,4,3,*,66,33,33,0,0,0,0,0,0,13,13,13,35,15,20,25,35,0,66,17,14,14,0,14,14,0,14,5,4,7,9,12
0901300011084031,117,65,52,80,25,79,13,2,96,51,45,21,14,7,106,58,48,*,*,0,0,0,0,10,10,10,59,29,30,39,59,0,107,28,26,26,0,26,26,0,26,5,3,7,12,17
0901300011084032,154,78,76,97,31,103,20,2,141,71,70,13,7,6,149,75,74,0,0,0,0,0,0,10,11,10,69,28,41,63,67,*,126,37,33,33,0,31,33,0,31,12,,23,21,26
0901300011084006,221,108,113,105,49,148,24,2,202,95,107,19,13,6,207,102,105,4,*,*,*,0,*,10,10,11,124,52,72,55,119,5,185,41,37,37,0,37,37,0,37,3,4,22,19,28
0901300011116042,119,60,59,98,25,83,11,2,104,48,56,15,12,3,109,53,56,5,4,*,32,15,17,10,10,11,67,34,33,32,67,0,110,32,30,30,0,29,30,0,29,7,6,19,14,22
0901300011116003,297,163,134,82,82,189,26,2,258,146,112,39,17,22,276,152,124,*,*,*,*,0,*,10,10,10,143,65,78,92,136,7,229,71,68,68,0,67,68,0,67,25,12,46,29,38
0901300011099019,373,196,177,90,87,255,31,2,327,170,157,46,26,20,337,175,162,9,7,*,0,0,0,11,11,11,201,98,103,105,200,*,276,110,107,107,0,107,107,0,107,24,8,65,42,57
0901300011084012,12,4,8,200,0,12,0,2,9,3,6,3,*,*,12,4,8,0,0,0,0,0,0,13,14,12,11,3,8,,11,0,9,4,4,4,0,4,4,0,4,,,*,3,3
0901300011084019,102,43,59,137,20,75,7,2,94,38,56,8,5,3,94,40,54,0,0,0,0,0,0,10,10,11,64,23,41,24,63,*,96,21,20,20,0,20,20,0,20,6,,15,9,18
0901300010334021,366,192,174,91,75,242,49,2,326,166,160,40,26,14,338,180,158,4,0,4,0,0,0,11,11,10,204,98,106,100,203,*,325,114,100,99,*,100,99,,98,42,11,46,48,64
090130001025A014,114,55,59,107,18,89,7,2,103,49,54,11,6,5,104,48,56,0,0,0,0,0,0,12,12,11,59,26,33,37,59,0,106,34,31,31,0,31,31,0,31,12,5,18,21,22
090130001025A027,22,14,8,57,,20,,1,21,13,8,,*,0,22,14,8,0,0,0,0,0,0,13,12,15,18,11,7,3,18,0,21,7,7,7,0,7,7,0,7,5,3,3,6,7
090130001025A038,42,25,17,68,8,29,5,2,42,25,17,0,0,0,41,25,16,0,0,0,0,0,0,10,10,10,24,13,11,10,24,0,36,11,10,10,0,10,10,0,10,4,,7,6,7
090130001025A036,4,,,,,,,,,,,,*,*,,,,*,*,*,*,*,*,,,,,,,,,*,,1,,,*,,,,,,,*,,
090130001025A002,156,83,73,88,31,114,11,2,156,83,73,0,0,0,146,79,67,0,0,0,0,0,0,11,11,11,78,29,49,56,77,*,132,46,43,43,0,43,42,,42,13,5,25,28,36
090130001025A009,187,91,96,105,36,131,20,2,185,89,96,,*,0,179,90,89,0,0,0,0,0,0,12,12,12,101,45,56,58,99,*,151,57,54,54,0,54,54,0,54,17,10,26,32,41
0901300010137002,270,150,120,80,44,185,38,2,249,138,111,18,10,8,253,138,115,0,0,0,*,0,*,12,11,12,138,65,73,97,135,3,227,77,73,73,0,73,73,0,73,24,12,19,42,53
0901300010226005,195,105,90,86,24,136,35,2,180,96,84,14,9,5,185,99,86,*,0,*,0,0,0,11,11,11,103,46,57,74,95,8,154,51,47,47,0,47,47,0,47,19,4,22,26,33
090130001025A034,191,109,82,75,31,136,24,2,181,103,78,10,6,4,184,106,78,*,0,*,0,0,0,11,11,12,100,48,52,71,99,*,177,50,46,46,0,46,46,0,46,21,10,27,28,38
090130001025A015,31,19,12,63,4,25,,2,28,17,11,3,*,*,30,19,11,0,0,0,0,0,0,10,10,11,16,9,7,12,16,0,24,13,11,11,0,11,11,0,11,6,,4,8,7
090130001025A013,76,41,35,85,14,52,10,2,72,38,34,4,3,*,73,38,35,0,0,0,0,0,0,12,12,11,37,14,23,29,36,*,56,26,24,24,0,24,24,0,24,11,5,16,15,20
090130001025A028,168,95,73,77,27,120,21,2,154,84,70,14,11,3,159,89,70,*,*,0,0,0,0,12,12,13,87,46,41,61,85,*,148,56,47,47,0,47,47,0,47,28,4,32,35,39
090130001025A032,121,64,57,89,19,84,18,2,110,55,55,10,9,*,114,60,54,0,0,0,0,0,0,11,11,12,52,22,30,54,52,0,112,35,30,30,0,30,30,0,30,11,6,21,20,21
0901300011101037,50,24,26,108,12,34,4,2,39,20,19,11,4,7,44,21,23,0,0,0,0,0,0,10,10,10,25,11,14,15,24,*,42,14,14,14,0,14,14,0,14,3,,7,5,7
0901300011101016,92,45,47,104,15,71,6,2,81,39,42,11,6,5,87,42,45,0,0,0,0,0,0,10,9,10,50,22,28,30,49,*,80,28,22,22,0,22,22,0,22,5,,14,9,16
0901300011101015,7,,,,,,,,,,,,*,*,,,,*,*,*,*,*,*,0,0,0,,,,,,*,,1,,,*,,,,,,,*,,
0901300011101011,119,66,53,80,34,80,5,2,101,57,44,17,9,8,102,58,44,4,*,3,*,0,*,9,9,9,58,20,38,32,56,*,90,30,28,28,0,28,28,0,28,,3,13,10,14
0901300011101061,36,18,18,100,5,28,3,2,25,12,13,10,5,5,32,17,15,0,0,0,0,0,0,9,9,10,22,11,11,9,21,*,34,9,9,9,0,9,9,0,9,,,0,,7
0901300011101013,42,17,25,147,10,27,5,3,37,16,21,5,*,4,40,16,24,0,0,0,0,0,0,10,11,10,23,8,15,11,23,0,30,11,9,9,0,9,9,0,9,,,6,,6
0901300011101060,64,35,29,83,16,43,5,1,45,28,17,19,7,12,49,28,21,9,3,6,0,0,0,9,10,7,35,15,20,14,35,0,48,19,16,16,0,15,16,0,15,,3,12,7,8
0901300011101042,39,20,19,95,8,27,4,3,31,15,16,8,5,3,37,19,18,0,0,0,0,0,0,9,9,9,27,12,15,6,27,0,36,14,13,13,0,12,13,0,12,,3,9,5,5
0901300010137016,41,22,19,86,5,29,7,1,40,21,19,,*,0,40,21,19,0,0,0,0,0,0,12,11,13,23,10,13,13,23,0,37,9,7,7,0,7,7,0,7,,,*,4,6
0901300010137003,147,76,71,93,17,101,29,2,145,75,70,,*,*,141,74,67,0,0,0,0,0,0,10,11,10,84,36,48,47,83,*,122,34,32,32,0,31,32,0,31,3,,11,14,18
090130001025A004,26,14,12,86,5,18,3,1,26,14,12,0,0,0,22,12,10,0,0,0,0,0,0,12,12,13,16,9,7,6,15,*,21,9,7,7,0,7,7,0,7,6,0,*,5,6
090130001025A016,185,99,86,87,26,129,30,2,172,89,83,13,10,3,178,97,81,*,0,*,*,*,*,11,11,12,96,41,55,68,95,*,164,55,50,50,0,50,50,0,50,17,6,18,21,28
090130001025A030,72,39,33,85,18,43,11,2,69,38,31,3,*,*,68,36,32,*,0,*,0,0,0,10,9,10,27,12,15,31,27,0,67,26,23,23,0,23,23,0,23,7,,18,14,12
0901300010334023,236,123,113,92,34,173,29,2,204,106,98,32,17,15,220,115,105,3,*,*,11,7,4,12,12,12,139,61,78,68,139,0,211,87,76,76,0,75,76,0,75,36,6,36,39,54
0901300011084029,47,29,18,62,7,30,10,2,42,25,17,5,4,*,46,28,18,0,0,0,0,0,0,13,12,15,20,10,10,20,19,*,38,16,15,15,0,15,15,0,15,6,,6,8,8
0901300011084014,93,49,44,90,16,59,18,1,75,39,36,17,10,7,88,46,42,*,*,0,0,0,0,11,10,11,51,28,23,30,51,0,81,33,27,26,*,27,27,0,26,8,0,8,14,16
0901300011084013,226,118,108,92,62,151,13,2,198,104,94,27,14,13,203,107,96,6,4,*,0,0,0,10,10,10,117,50,67,61,115,*,186,37,36,36,0,36,36,0,36,8,3,29,17,24
0901300011084004,64,36,28,78,16,38,10,2,57,32,25,7,4,3,61,34,27,0,0,0,0,0,0,11,12,11,34,17,17,17,34,0,44,18,18,18,0,18,18,0,18,7,3,14,11,13
0901300011084022,26,14,12,86,,21,3,1,25,13,12,,*,0,26,14,12,0,0,0,0,0,0,11,13,10,19,8,11,6,19,0,12,6,6,6,0,6,6,0,6,,,4,3,5
0901300011084023,53,27,26,96,12,37,4,2,47,22,25,6,5,*,48,24,24,*,*,0,0,0,0,11,11,11,29,14,15,14,29,0,47,12,12,12,0,12,12,0,12,0,5,7,4,10
0901300011084009,34,16,18,113,4,25,5,2,32,15,17,,*,*,33,16,17,0,0,0,0,0,0,9,11,8,25,9,16,6,25,0,25,9,9,9,0,9,9,0,9,,0,6,3,6
0901300011084002,189,93,96,103,31,134,24,2,169,86,83,20,7,13,176,89,87,*,0,*,0,0,0,11,11,12,113,50,63,55,113,0,141,46,45,45,0,45,45,0,45,14,4,32,23,26
0901300010705001,525,282,243,86,150,352,23,2,433,229,204,92,53,39,470,255,215,6,*,4,0,0,0,9,9,9,264,110,154,136,264,0,455,140,132,132,0,44,131,,44,12,21,97,28,76
0901300010230023,108,56,52,93,20,74,14,2,100,49,51,8,7,*,105,54,51,0,0,0,0,0,0,10,11,10,54,24,30,42,51,3,92,27,25,25,0,25,25,0,25,10,4,10,16,21
0901300010230022,426,220,206,94,66,302,58,2,395,203,192,31,17,14,404,205,199,5,3,*,0,0,0,12,12,12,192,83,109,184,183,9,322,119,112,112,0,112,112,0,112,47,13,50,75,88
0901300010122027,128,70,58,83,24,88,16,2,120,62,58,8,8,0,124,69,55,0,0,0,0,0,0,13,12,13,66,28,38,45,66,0,105,39,32,32,0,32,32,0,32,13,5,18,22,24
0901300010122044,106,59,47,80,18,74,14,2,97,54,43,9,5,4,100,55,45,*,*,0,0,0,0,13,13,14,47,20,27,46,46,*,82,31,28,28,0,28,28,0,28,11,5,16,18,21
0901300011084010,35,16,19,119,6,24,5,2,34,15,19,,*,0,33,15,18,0,0,0,0,0,0,10,10,9,23,10,13,8,23,0,30,9,8,8,0,8,8,0,8,,,7,4,3
0901300010334017,536,270,266,99,84,399,53,2,448,227,221,87,42,45,485,244,241,26,13,13,14,9,5,12,12,12,295,128,167,174,284,11,403,181,155,154,0,154,154,0,154,66,24,66,85,98
0901300010688015,245,138,107,78,51,167,27,2,215,121,94,29,16,13,228,125,103,0,0,0,4,*,*,11,11,11,133,60,73,74,131,*,212,69,59,59,0,59,58,,58,16,8,32,32,41
0901300010137023,249,133,116,87,58,170,21,2,198,102,96,51,31,20,228,120,108,3,3,0,0,0,0,12,12,12,133,63,70,75,125,8,195,82,67,67,0,67,67,0,67,29,3,29,36,45
0901300011084035,136,67,69,103,41,87,8,2,123,59,64,13,8,5,117,55,62,3,*,*,0,0,0,10,9,10,67,24,43,36,66,*,130,25,24,24,0,24,24,0,24,3,4,17,6,13
0901300011101034,24,12,12,100,8,16,0,2,22,11,11,,*,*,21,9,12,0,0,0,0,0,0,9,9,9,11,4,7,7,11,0,16,8,5,5,0,5,5,0,5,,0,3,,3
0901300011116039,215,122,93,76,43,156,16,2,170,98,72,45,24,21,203,115,88,*,0,*,0,0,0,9,9,10,125,58,67,60,118,7,160,50,49,48,*,48,49,0,48,8,3,20,25,31
0901300011116044,149,78,71,91,33,97,19,2,146,75,71,,*,0,140,75,65,0,0,0,0,0,0,10,10,10,60,21,39,65,60,0,142,38,36,36,0,36,36,0,36,5,6,21,14,19
0901300011116021,65,33,32,97,11,44,10,1,64,33,31,,0,*,64,33,31,0,0,0,0,0,0,11,12,11,39,22,17,17,39,0,55,19,14,14,0,14,14,0,14,4,3,11,8,13
0901300011135032,311,156,155,99,76,220,15,2,273,140,133,38,16,22,282,143,139,3,*,*,0,0,0,11,12,11,199,105,94,43,197,*,216,89,84,84,0,84,83,,83,30,20,50,39,51
0901300011084018,44,26,18,69,10,31,3,2,35,21,14,9,5,4,41,24,17,0,0,0,0,0,0,12,12,12,18,9,9,17,18,0,33,14,12,12,0,12,12,0,12,8,,7,6,9
0901300010211027,22,9,13,144,,13,7,3,20,7,13,,*,0,21,9,12,0,0,0,0,0,0,13,11,15,12,3,9,8,10,*,22,8,8,8,0,8,8,0,8,4,,*,4,6
0901300010211040,144,84,60,71,27,104,13,2,139,82,57,5,*,3,140,80,60,0,0,0,0,0,0,11,11,11,62,24,38,61,61,*,116,35,32,32,0,32,32,0,32,15,6,17,19,25
0901300010245025,175,79,96,122,22,132,21,2,158,71,87,17,8,9,169,76,93,0,0,0,*,0,*,11,11,11,98,32,66,60,96,*,148,48,44,44,0,44,44,0,44,14,5,27,26,31
0901300010245012,72,45,27,60,17,47,8,1,68,42,26,4,3,*,71,44,27,0,0,0,0,0,0,11,11,11,36,18,18,26,36,0,71,18,17,17,0,17,17,0,17,,3,11,11,10
0901300010245002,204,101,103,102,25,143,36,2,202,99,103,,*,0,194,97,97,3,*,*,*,*,*,12,11,12,106,45,61,79,106,0,153,68,62,62,0,62,62,0,62,20,6,22,28,48
0901300010230007,65,35,30,86,4,50,11,2,58,30,28,6,4,*,65,35,30,0,0,0,0,0,0,11,12,11,43,20,23,19,42,*,51,24,22,22,0,22,22,0,22,12,4,14,10,18
0901300010230027,116,61,55,90,14,83,19,2,110,57,53,6,4,*,109,57,52,0,0,0,*,*,0,12,12,12,57,26,31,48,55,*,99,33,32,32,0,32,32,0,32,16,7,10,19,24
0901300010122047,54,29,25,86,12,39,3,1,53,29,24,,0,*,48,27,21,0,0,0,0,0,0,13,13,12,29,15,14,16,28,*,52,16,16,16,0,16,16,0,16,,0,9,9,11
0901300010122005,241,140,101,72,29,181,31,1,211,120,91,30,20,10,227,130,97,10,7,3,13,8,5,13,13,12,126,73,53,97,119,7,194,78,62,62,0,62,62,0,62,28,,12,47,51
0901300010137007,210,98,112,114,39,141,30,2,176,81,95,32,17,15,197,94,103,4,*,3,5,0,5,13,12,13,104,46,58,74,101,3,198,73,57,57,0,57,57,0,57,16,5,30,27,38
0901300011084026,148,70,78,111,33,99,16,2,139,67,72,7,3,4,132,66,66,4,*,*,0,0,0,11,12,11,72,34,38,51,68,4,124,38,37,37,0,37,37,0,37,13,4,15,22,27
0901300010705009,20,11,9,82,8,12,0,2,13,7,6,7,4,3,14,8,6,*,*,0,0,0,0,9,10,8,9,3,6,3,9,0,15,5,5,5,0,3,5,0,3,,,4,,
0901300010705003,102,57,45,79,26,75,,2,61,35,26,40,21,19,91,50,41,*,*,*,0,0,0,8,7,8,50,19,31,31,50,0,95,26,24,24,0,15,20,4,11,3,3,12,3,11
0901300010245007,96,52,44,85,12,68,16,2,93,49,44,3,3,0,91,47,44,0,0,0,*,*,*,12,11,13,47,23,24,38,47,0,73,33,27,27,0,27,27,0,27,13,,4,14,19
0901300010230015,95,55,40,73,9,75,11,1,91,54,37,4,*,3,92,54,38,0,0,0,*,*,0,14,14,14,56,28,28,33,50,6,74,29,29,29,0,29,29,0,29,17,,13,20,26
0901300010230009,27,16,11,69,5,18,4,2,24,14,10,3,*,*,26,15,11,0,0,0,0,0,0,12,13,11,14,7,7,8,14,0,22,14,9,9,0,9,9,0,9,6,,5,,7
0901300010122024,346,193,153,79,50,248,48,2,324,181,143,22,12,10,325,181,144,4,*,*,*,*,*,12,12,12,154,69,85,152,148,6,296,93,85,84,*,84,85,0,83,26,7,15,56,68
0901300011084015,107,53,54,102,24,72,11,2,95,47,48,12,6,6,94,47,47,4,*,*,3,*,*,11,10,12,70,30,40,18,66,4,89,33,28,28,0,27,28,0,27,8,4,9,12,18
0901300010122021,140,78,62,79,27,93,20,2,115,61,54,25,17,8,132,74,58,*,*,*,0,0,0,11,11,11,75,39,36,42,68,7,109,40,37,37,0,37,37,0,37,14,0,18,21,28
0901300010211015,456,234,222,95,97,313,46,2,368,191,177,88,43,45,402,207,195,19,7,12,9,3,6,11,11,11,219,84,135,153,207,12,373,128,112,112,0,112,112,0,112,33,13,29,49,64
0901300010211010,565,298,267,90,108,403,54,2,453,237,216,110,61,49,520,272,248,13,5,8,*,0,*,11,11,11,325,144,181,153,320,5,459,163,149,149,0,149,149,0,149,57,19,59,69,91
0901300010122026,300,159,141,89,49,212,39,2,271,146,125,29,13,16,290,155,135,*,*,*,5,3,*,12,12,12,137,66,71,129,137,0,272,87,81,81,0,81,81,0,81,27,6,37,49,58
0901300010122035,110,71,39,55,23,72,15,1,101,67,34,9,4,5,106,69,37,0,0,0,*,*,0,14,14,13,42,23,19,50,42,0,107,26,24,24,0,24,24,0,24,17,6,14,21,23
0901300010230026,98,54,44,81,25,59,14,2,93,51,42,5,3,*,96,53,43,0,0,0,0,0,0,11,11,12,49,23,26,29,49,0,81,19,18,18,0,18,18,0,18,8,0,8,9,13
0901300011084038,40,24,16,67,5,29,6,2,39,23,16,,*,0,39,23,16,0,0,0,0,0,0,10,10,10,25,13,12,12,25,0,37,7,7,7,0,7,7,0,7,0,0,5,3,5
0901300010245022,32,19,13,68,8,21,3,2,32,19,13,0,0,0,31,18,13,0,0,0,0,0,0,10,10,11,15,7,8,11,13,*,32,6,6,6,0,6,6,0,6,0,0,3,3,5
0901300010245027,36,19,17,89,,28,6,2,36,19,17,0,0,0,36,19,17,0,0,0,0,0,0,10,9,10,25,11,14,9,25,0,36,14,14,14,0,14,14,0,14,0,0,11,9,14
0901300010705010,32,19,13,68,7,25,0,2,20,13,7,12,6,6,31,19,12,*,0,*,*,0,*,6,7,4,14,5,9,10,13,*,32,6,6,6,0,5,6,0,5,0,0,5,0,0